2025-10-31 11:17:19,509 - INFO - Starting network monitoring...
2025-10-31 11:17:41,732 - INFO - Network Status: Connected | Download: 31.03 Mbps | Upload: 49.3 Mbps | Ping: 13.78 ms | WiFi: Up
2025-10-31 11:23:02,545 - INFO - Network Status: Connected | Download: 42.48 Mbps | Upload: 50.98 Mbps | Ping: 10.82 ms | WiFi: Up
2025-10-31 11:28:24,010 - INFO - Network Status: Connected | Download: 25.1 Mbps | Upload: 48.43 Mbps | Ping: 15.98 ms | WiFi: Up
2025-10-31 11:33:45,725 - INFO - Network Status: Connected | Download: 21.42 Mbps | Upload: 50.75 Mbps | Ping: 16.38 ms | WiFi: Up
2025-10-31 11:39:06,855 - INFO - Network Status: Connected | Download: 28.5 Mbps | Upload: 53.67 Mbps | Ping: 12.3 ms | WiFi: Up
2025-10-31 11:44:28,646 - INFO - Network Status: Connected | Download: 19.18 Mbps | Upload: 44.46 Mbps | Ping: 14.51 ms | WiFi: Up
2025-10-31 11:44:35,314 - INFO - Monitoring stopped by user
2025-10-31 11:44:39,496 - INFO - Starting network monitoring...
2025-10-31 11:45:00,737 - ERROR - Speed test failed: cannot access local variable 'download_speed' where it is not associated with a value
2025-10-31 11:45:00,738 - INFO - Network Status: Connected | Download: None Mbps | Upload: None Mbps | Ping: None ms | WiFi: Up
2025-10-31 11:50:21,831 - ERROR - Speed test failed: cannot access local variable 'download_speed' where it is not associated with a value
2025-10-31 11:50:21,832 - INFO - Network Status: Connected | Download: None Mbps | Upload: None Mbps | Ping: None ms | WiFi: Up
2025-10-31 11:51:37,435 - INFO - Monitoring stopped by user
2025-10-31 11:53:08,008 - INFO - Starting network monitoring...
2025-10-31 11:53:29,059 - INFO - Network Status: Connected | Download: 38.67 Mbps | Upload: 28.08 Mbps | Ping: 16.5 ms | WiFi: Up
2025-10-31 11:58:29,075 - INFO - Network Status: Connected | Download: None Mbps | Upload: None Mbps | Ping: None ms | WiFi: Up
2025-10-31 12:03:29,089 - INFO - Network Status: Connected | Download: None Mbps | Upload: None Mbps | Ping: None ms | WiFi: Up
2025-10-31 12:08:29,101 - INFO - Network Status: Connected | Download: None Mbps | Upload: None Mbps | Ping: None ms | WiFi: Up
2025-10-31 12:13:29,115 - INFO - Network Status: Connected | Download: None Mbps | Upload: None Mbps | Ping: None ms | WiFi: Up
2025-10-31 12:18:29,131 - INFO - Network Status: Connected | Download: None Mbps | Upload: None Mbps | Ping: None ms | WiFi: Up
2025-10-31 12:23:29,146 - INFO - Network Status: Connected | Download: None Mbps | Upload: None Mbps | Ping: None ms | WiFi: Up
2025-10-31 12:28:29,162 - INFO - Network Status: Connected | Download: None Mbps | Upload: None Mbps | Ping: None ms | WiFi: Up
2025-10-31 12:33:29,177 - INFO - Network Status: Connected | Download: None Mbps | Upload: None Mbps | Ping: None ms | WiFi: Up
2025-10-31 12:38:29,193 - INFO - Network Status: Connected | Download: None Mbps | Upload: None Mbps | Ping: None ms | WiFi: Up
2025-10-31 12:43:29,209 - INFO - Network Status: Connected | Download: None Mbps | Upload: None Mbps | Ping: None ms | WiFi: Up
2025-10-31 12:48:29,223 - INFO - Network Status: Connected | Download: None Mbps | Upload: None Mbps | Ping: None ms | WiFi: Up
2025-10-31 12:53:50,438 - INFO - Network Status: Connected | Download: 28.86 Mbps | Upload: 32.75 Mbps | Ping: 18.5 ms | WiFi: Up
2025-10-31 12:58:50,456 - INFO - Network Status: Connected | Download: None Mbps | Upload: None Mbps | Ping: None ms | WiFi: Up
2025-10-31 13:03:50,487 - INFO - Network Status: Connected | Download: None Mbps | Upload: None Mbps | Ping: None ms | WiFi: Up
2025-10-31 13:08:50,513 - INFO - Network Status: Connected | Download: None Mbps | Upload: None Mbps | Ping: None ms | WiFi: Up
2025-10-31 13:12:53,485 - INFO - Monitoring stopped by user
2025-10-31 13:12:56,149 - INFO - Starting network monitoring...
2025-10-31 13:13:17,339 - INFO - Network Status: Connected | Download: 32.82 Mbps | Upload: 36.16 Mbps | Ping: 16.15 ms | WiFi: Up
2025-10-31 13:18:17,340 - WARNING - Network Status: Disconnected
2025-10-31 13:23:17,347 - WARNING - Network Status: Disconnected
2025-10-31 13:28:17,358 - WARNING - Network Status: Disconnected
2025-10-31 13:33:17,365 - WARNING - Network Status: Disconnected
2025-10-31 13:38:17,372 - WARNING - Network Status: Disconnected
2025-10-31 13:43:17,385 - INFO - Network Status: Connected | Download: None Mbps | Upload: None Mbps | Ping: None ms | WiFi: Up
2025-10-31 13:48:17,399 - INFO - Network Status: Connected | Download: None Mbps | Upload: None Mbps | Ping: None ms | WiFi: Up
2025-10-31 13:48:29,462 - INFO - Monitoring stopped by user
2025-10-31 13:49:02,622 - INFO - Starting network monitoring...
2025-10-31 13:49:24,569 - INFO - Network Status: Connected | Download: 1.07 Mbps | Upload: 2.03 Mbps | Ping: 28.08 ms | WiFi: Up
2025-10-31 13:54:24,595 - INFO - Network Status: Connected | Download: None Mbps | Upload: None Mbps | Ping: None ms | WiFi: Up
2025-10-31 13:54:52,997 - INFO - Monitoring stopped by user
2025-10-31 14:03:34,824 - INFO - Starting network monitoring...
2025-10-31 14:03:59,395 - INFO - Network Status: Connected | Download: 1.26 Mbps | Upload: 0.66 Mbps | Ping: 21.82 ms | WiFi: Up
2025-10-31 14:08:59,430 - INFO - Network Status: Connected | Download: None Mbps | Upload: None Mbps | Ping: None ms | WiFi: Up
2025-10-31 14:12:24,880 - INFO - Monitoring stopped by user
2025-10-31 14:13:26,705 - INFO - Starting network monitoring...
2025-10-31 14:13:49,475 - INFO - Network Status: Connected | Download: 2.06 Mbps | Upload: 2.78 Mbps | Ping: 28.66 ms | WiFi: Up
2025-10-31 14:16:13,725 - INFO - Network Status: Connected | Download: 1.62 Mbps | Upload: 2.64 Mbps | Ping: 24.55 ms | WiFi: Up
2025-10-31 14:18:37,836 - INFO - Network Status: Connected | Download: 0.9 Mbps | Upload: 2.67 Mbps | Ping: 29.89 ms | WiFi: Up
2025-10-31 14:21:06,464 - INFO - Network Status: Connected | Download: 0.92 Mbps | Upload: 1.72 Mbps | Ping: 23.4 ms | WiFi: Up
2025-10-31 14:23:36,524 - INFO - Network Status: Connected | Download: 2.2 Mbps | Upload: 1.9 Mbps | Ping: 25.11 ms | WiFi: Up
2025-10-31 14:26:03,655 - INFO - Network Status: Connected | Download: 1.89 Mbps | Upload: 2.33 Mbps | Ping: 26.43 ms | WiFi: Up
2025-10-31 14:28:27,461 - INFO - Network Status: Connected | Download: 2.21 Mbps | Upload: 2.58 Mbps | Ping: 23.57 ms | WiFi: Up
2025-10-31 14:30:59,680 - INFO - Network Status: Connected | Download: 2.18 Mbps | Upload: 1.52 Mbps | Ping: 23.72 ms | WiFi: Up
2025-10-31 14:33:33,631 - INFO - Network Status: Connected | Download: 0.88 Mbps | Upload: 1.7 Mbps | Ping: 21.61 ms | WiFi: Up
2025-10-31 14:35:59,752 - INFO - Network Status: Connected | Download: 0.83 Mbps | Upload: 1.95 Mbps | Ping: 28.96 ms | WiFi: Up
2025-10-31 14:38:27,743 - INFO - Network Status: Connected | Download: 2.33 Mbps | Upload: 2.16 Mbps | Ping: 24.46 ms | WiFi: Up
2025-10-31 14:40:56,910 - INFO - Network Status: Connected | Download: 2.42 Mbps | Upload: 2.02 Mbps | Ping: 22.37 ms | WiFi: Up
2025-10-31 14:43:19,352 - INFO - Network Status: Connected | Download: 2.29 Mbps | Upload: 2.39 Mbps | Ping: 17.97 ms | WiFi: Up
2025-10-31 14:45:43,181 - INFO - Network Status: Connected | Download: 0.87 Mbps | Upload: 2.22 Mbps | Ping: 25.04 ms | WiFi: Up
2025-10-31 14:48:14,785 - INFO - Network Status: Connected | Download: 2.33 Mbps | Upload: 1.69 Mbps | Ping: 24.36 ms | WiFi: Up
2025-10-31 14:50:45,756 - INFO - Network Status: Connected | Download: 2.31 Mbps | Upload: 1.84 Mbps | Ping: 23.15 ms | WiFi: Up
2025-10-31 14:53:07,969 - INFO - Network Status: Connected | Download: 2.62 Mbps | Upload: 2.76 Mbps | Ping: 23.93 ms | WiFi: Up
2025-10-31 14:55:31,220 - INFO - Network Status: Connected | Download: 2.38 Mbps | Upload: 2.79 Mbps | Ping: 24.49 ms | WiFi: Up
2025-10-31 14:58:01,933 - INFO - Network Status: Connected | Download: 2.38 Mbps | Upload: 1.77 Mbps | Ping: 24.62 ms | WiFi: Up
2025-10-31 15:00:03,324 - ERROR - Speed test failed: Unable to connect to servers to test latency.
2025-10-31 15:00:03,324 - INFO - Network Status: Connected | Download: None Mbps | Upload: None Mbps | Ping: None ms | WiFi: Up
2025-10-31 15:02:32,421 - INFO - Network Status: Connected | Download: 2.3 Mbps | Upload: 2.01 Mbps | Ping: 24.76 ms | WiFi: Up
2025-10-31 15:04:57,258 - INFO - Network Status: Connected | Download: 2.27 Mbps | Upload: 2.9 Mbps | Ping: 21.77 ms | WiFi: Up
2025-10-31 15:07:20,439 - INFO - Network Status: Connected | Download: 2.42 Mbps | Upload: 2.87 Mbps | Ping: 24.06 ms | WiFi: Up
2025-10-31 15:09:44,870 - INFO - Network Status: Connected | Download: 2.23 Mbps | Upload: 2.69 Mbps | Ping: 24.92 ms | WiFi: Up
2025-10-31 15:12:12,248 - INFO - Network Status: Connected | Download: 2.09 Mbps | Upload: 2.06 Mbps | Ping: 24.08 ms | WiFi: Up
2025-10-31 15:14:38,151 - INFO - Network Status: Connected | Download: 2.38 Mbps | Upload: 2.39 Mbps | Ping: 22.64 ms | WiFi: Up
2025-10-31 15:17:10,099 - INFO - Network Status: Connected | Download: 2.2 Mbps | Upload: 1.67 Mbps | Ping: 23.77 ms | WiFi: Up
2025-10-31 15:19:32,981 - INFO - Network Status: Connected | Download: 2.29 Mbps | Upload: 2.66 Mbps | Ping: 22.37 ms | WiFi: Up
2025-10-31 15:22:05,347 - INFO - Network Status: Connected | Download: 2.35 Mbps | Upload: 1.55 Mbps | Ping: 23.51 ms | WiFi: Up
2025-10-31 15:24:36,071 - INFO - Network Status: Connected | Download: 2.3 Mbps | Upload: 1.81 Mbps | Ping: 22.69 ms | WiFi: Up
2025-10-31 15:27:06,644 - INFO - Network Status: Connected | Download: 2.41 Mbps | Upload: 1.63 Mbps | Ping: 24.56 ms | WiFi: Up
2025-10-31 15:29:37,999 - INFO - Network Status: Connected | Download: 2.48 Mbps | Upload: 1.56 Mbps | Ping: 22.28 ms | WiFi: Up
2025-10-31 15:32:07,745 - INFO - Network Status: Connected | Download: 2.34 Mbps | Upload: 1.88 Mbps | Ping: 24.45 ms | WiFi: Up
2025-10-31 15:34:32,088 - INFO - Network Status: Connected | Download: 2.5 Mbps | Upload: 2.71 Mbps | Ping: 24.77 ms | WiFi: Up
2025-10-31 15:37:02,836 - INFO - Network Status: Connected | Download: 2.34 Mbps | Upload: 1.8 Mbps | Ping: 23.53 ms | WiFi: Up
2025-10-31 15:39:25,409 - INFO - Network Status: Connected | Download: 2.55 Mbps | Upload: 2.78 Mbps | Ping: 24.71 ms | WiFi: Up
2025-10-31 15:41:48,104 - INFO - Network Status: Connected | Download: 2.37 Mbps | Upload: 2.95 Mbps | Ping: 24.85 ms | WiFi: Up
2025-10-31 15:44:18,293 - INFO - Network Status: Connected | Download: 2.33 Mbps | Upload: 1.82 Mbps | Ping: 24.33 ms | WiFi: Up
2025-10-31 15:46:40,735 - INFO - Network Status: Connected | Download: 2.93 Mbps | Upload: 8.75 Mbps | Ping: 21.69 ms | WiFi: Up
2025-10-31 15:49:12,401 - INFO - Network Status: Connected | Download: 2.36 Mbps | Upload: 1.7 Mbps | Ping: 23.96 ms | WiFi: Up
2025-10-31 15:51:41,416 - INFO - Network Status: Connected | Download: 2.22 Mbps | Upload: 2.05 Mbps | Ping: 24.52 ms | WiFi: Up
2025-10-31 15:54:11,367 - INFO - Network Status: Connected | Download: 2.36 Mbps | Upload: 1.89 Mbps | Ping: 21.06 ms | WiFi: Up
2025-10-31 15:56:34,036 - INFO - Network Status: Connected | Download: 2.4 Mbps | Upload: 2.57 Mbps | Ping: 19.82 ms | WiFi: Up
2025-10-31 15:58:57,170 - INFO - Network Status: Connected | Download: 2.41 Mbps | Upload: 2.66 Mbps | Ping: 24.55 ms | WiFi: Up
2025-10-31 16:01:25,877 - INFO - Network Status: Connected | Download: 2.31 Mbps | Upload: 2.01 Mbps | Ping: 22.22 ms | WiFi: Up
2025-10-31 16:03:55,183 - INFO - Network Status: Connected | Download: 2.33 Mbps | Upload: 1.92 Mbps | Ping: 25.1 ms | WiFi: Up
2025-10-31 16:06:17,507 - INFO - Network Status: Connected | Download: 2.3 Mbps | Upload: 2.9 Mbps | Ping: 24.18 ms | WiFi: Up
2025-10-31 16:08:40,657 - INFO - Network Status: Connected | Download: 2.07 Mbps | Upload: 2.32 Mbps | Ping: 24.26 ms | WiFi: Up
2025-10-31 16:11:11,095 - INFO - Network Status: Connected | Download: 2.63 Mbps | Upload: 1.77 Mbps | Ping: 23.92 ms | WiFi: Up
2025-10-31 16:13:42,820 - INFO - Network Status: Connected | Download: 2.3 Mbps | Upload: 1.66 Mbps | Ping: 22.74 ms | WiFi: Up
2025-10-31 16:16:05,352 - INFO - Network Status: Connected | Download: 2.29 Mbps | Upload: 2.73 Mbps | Ping: 21.15 ms | WiFi: Up
2025-10-31 16:18:29,661 - INFO - Network Status: Connected | Download: 0.92 Mbps | Upload: 2.18 Mbps | Ping: 25.69 ms | WiFi: Up
2025-10-31 16:20:55,808 - INFO - Network Status: Connected | Download: 0.89 Mbps | Upload: 2.34 Mbps | Ping: 29.69 ms | WiFi: Up
2025-10-31 16:23:25,911 - INFO - Network Status: Connected | Download: 2.2 Mbps | Upload: 1.74 Mbps | Ping: 25.06 ms | WiFi: Up
2025-10-31 16:25:57,906 - INFO - Network Status: Connected | Download: 2.2 Mbps | Upload: 1.61 Mbps | Ping: 24.45 ms | WiFi: Up
2025-10-31 16:28:20,471 - INFO - Network Status: Connected | Download: 2.26 Mbps | Upload: 2.78 Mbps | Ping: 20.97 ms | WiFi: Up
2025-10-31 16:30:43,766 - INFO - Network Status: Connected | Download: 1.96 Mbps | Upload: 2.56 Mbps | Ping: 24.91 ms | WiFi: Up
2025-10-31 16:33:13,738 - INFO - Network Status: Connected | Download: 0.22 Mbps | Upload: 0.35 Mbps | Ping: 28.83 ms | WiFi: Up
2025-10-31 16:34:13,541 - INFO - Monitoring stopped by user
2025-10-31 16:48:33,886 - INFO - Starting network monitoring...
2025-10-31 16:48:56,909 - INFO - Network Status: Connected | Download: 2.41 Mbps | Upload: 2.66 Mbps | Ping: 23.35 ms | WiFi: Up
2025-10-31 16:51:28,403 - INFO - Network Status: Connected | Download: 2.11 Mbps | Upload: 1.72 Mbps | Ping: 22.04 ms | WiFi: Up
2025-10-31 16:53:51,211 - INFO - Network Status: Connected | Download: 1.07 Mbps | Upload: 2.47 Mbps | Ping: 23.63 ms | WiFi: Up
2025-10-31 16:56:14,947 - INFO - Network Status: Connected | Download: 1.13 Mbps | Upload: 1.7 Mbps | Ping: 18.98 ms | WiFi: Up
2025-10-31 16:58:40,088 - INFO - Network Status: Connected | Download: 0.44 Mbps | Upload: 1.07 Mbps | Ping: 39.52 ms | WiFi: Up
2025-10-31 17:01:09,525 - INFO - Network Status: Connected | Download: 0.43 Mbps | Upload: 1.19 Mbps | Ping: 27.06 ms | WiFi: Up
2025-10-31 17:03:44,742 - INFO - Network Status: Connected | Download: 0.05 Mbps | Upload: 0.11 Mbps | Ping: 40.9 ms | WiFi: Up
2025-10-31 17:06:18,124 - INFO - Network Status: Connected | Download: 0.49 Mbps | Upload: 1.08 Mbps | Ping: 26.58 ms | WiFi: Up
2025-10-31 17:08:46,590 - INFO - Network Status: Connected | Download: 0.56 Mbps | Upload: 1.44 Mbps | Ping: 27.18 ms | WiFi: Up
2025-10-31 17:11:11,647 - INFO - Network Status: Connected | Download: 0.9 Mbps | Upload: 2.13 Mbps | Ping: 25.5 ms | WiFi: Up
2025-10-31 17:13:59,225 - INFO - Network Status: Connected | Download: 0.46 Mbps | Upload: 0.0 Mbps | Ping: 19.77 ms | WiFi: Up
2025-10-31 17:16:14,688 - INFO - Monitoring stopped by user
2025-10-31 17:29:28,762 - INFO - Starting network monitoring...
2025-10-31 17:29:58,330 - INFO - Network Status: Connected | Download: 2.37 Mbps | Upload: 0.72 Mbps | Ping: 111.23 ms | WiFi: Up
2025-10-31 17:34:59,020 - INFO - Network Status: Connected | Download: None Mbps | Upload: None Mbps | Ping: None ms | WiFi: Up
2025-10-31 17:39:59,299 - INFO - Network Status: Connected | Download: None Mbps | Upload: None Mbps | Ping: None ms | WiFi: Up
2025-10-31 17:45:00,157 - INFO - Network Status: Connected | Download: None Mbps | Upload: None Mbps | Ping: None ms | WiFi: Up
2025-10-31 17:50:00,231 - INFO - Network Status: Connected | Download: None Mbps | Upload: None Mbps | Ping: None ms | WiFi: Up
2025-10-31 17:55:00,323 - INFO - Network Status: Connected | Download: None Mbps | Upload: None Mbps | Ping: None ms | WiFi: Up
2025-10-31 18:00:00,661 - INFO - Network Status: Connected | Download: None Mbps | Upload: None Mbps | Ping: None ms | WiFi: Up
2025-11-03 09:17:51,369 - INFO - Starting network monitoring...
2025-11-03 09:18:15,153 - INFO - Network Status: Connected | Download: 0.41 Mbps | Upload: 1.12 Mbps | Ping: 27.53 ms | WiFi: Up
2025-11-03 09:23:19,347 - INFO - Network Status: Connected | Download: None Mbps | Upload: None Mbps | Ping: None ms | WiFi: Up
2025-11-03 09:28:21,467 - INFO - Network Status: Connected | Download: None Mbps | Upload: None Mbps | Ping: None ms | WiFi: Up
2025-11-03 09:33:23,400 - INFO - Network Status: Connected | Download: None Mbps | Upload: None Mbps | Ping: None ms | WiFi: Up
2025-11-03 09:38:25,651 - INFO - Network Status: Connected | Download: None Mbps | Upload: None Mbps | Ping: None ms | WiFi: Up
2025-11-03 09:43:27,615 - INFO - Network Status: Connected | Download: None Mbps | Upload: None Mbps | Ping: None ms | WiFi: Up
2025-11-03 09:48:29,521 - INFO - Network Status: Connected | Download: None Mbps | Upload: None Mbps | Ping: None ms | WiFi: Up
2025-11-03 09:53:32,057 - INFO - Network Status: Connected | Download: None Mbps | Upload: None Mbps | Ping: None ms | WiFi: Up
2025-11-03 09:58:34,472 - INFO - Network Status: Connected | Download: None Mbps | Upload: None Mbps | Ping: None ms | WiFi: Up
2025-11-03 10:03:39,516 - INFO - Network Status: Connected | Download: None Mbps | Upload: None Mbps | Ping: None ms | WiFi: Up
2025-11-03 10:09:00,777 - INFO - Network Status: Connected | Download: None Mbps | Upload: None Mbps | Ping: None ms | WiFi: Up
2025-11-03 10:14:03,478 - INFO - Network Status: Connected | Download: None Mbps | Upload: None Mbps | Ping: None ms | WiFi: Up
2025-11-03 10:19:27,964 - INFO - Network Status: Connected | Download: 0.89 Mbps | Upload: 1.15 Mbps | Ping: 26.4 ms | WiFi: Up
2025-11-03 10:24:29,983 - INFO - Network Status: Connected | Download: None Mbps | Upload: None Mbps | Ping: None ms | WiFi: Up
2025-11-03 10:29:31,576 - INFO - Network Status: Connected | Download: None Mbps | Upload: None Mbps | Ping: None ms | WiFi: Up
2025-11-03 10:34:15,299 - INFO - Monitoring stopped by user
2025-11-03 10:55:28,459 - INFO - Starting network monitoring...
2025-11-03 10:55:50,435 - INFO - Network Status: Connected | Download: 31.27 Mbps | Upload: 26.67 Mbps | Ping: 14.15 ms | WiFi: Up
2025-11-03 11:00:51,601 - INFO - Network Status: Connected | Download: None Mbps | Upload: None Mbps | Ping: None ms | WiFi: Up
2025-11-03 11:05:52,466 - INFO - Network Status: Connected | Download: None Mbps | Upload: None Mbps | Ping: None ms | WiFi: Up
2025-11-03 11:10:53,239 - INFO - Network Status: Connected | Download: None Mbps | Upload: None Mbps | Ping: None ms | WiFi: Up
2025-11-03 11:15:54,248 - INFO - Network Status: Connected | Download: None Mbps | Upload: None Mbps | Ping: None ms | WiFi: Up
2025-11-03 11:20:55,183 - INFO - Network Status: Connected | Download: None Mbps | Upload: None Mbps | Ping: None ms | WiFi: Up
2025-11-03 11:25:56,008 - INFO - Network Status: Connected | Download: None Mbps | Upload: None Mbps | Ping: None ms | WiFi: Up
2025-11-03 11:30:56,781 - INFO - Network Status: Connected | Download: None Mbps | Upload: None Mbps | Ping: None ms | WiFi: Up
2025-11-03 11:35:59,785 - WARNING - Network Status: Disconnected
2025-11-03 11:41:00,564 - INFO - Network Status: Connected | Download: None Mbps | Upload: None Mbps | Ping: None ms | WiFi: Up
2025-11-03 11:46:02,439 - INFO - Network Status: Connected | Download: None Mbps | Upload: None Mbps | Ping: None ms | WiFi: Up
2025-11-03 11:51:03,266 - INFO - Network Status: Connected | Download: None Mbps | Upload: None Mbps | Ping: None ms | WiFi: Up
2025-11-03 11:51:44,779 - INFO - Monitoring stopped by user
2025-11-03 11:51:46,663 - INFO - Starting network monitoring...
2025-11-03 11:52:14,631 - INFO - Network Status: Connected | Download: 2.57 Mbps | Upload: 1.07 Mbps | Ping: 119.4 ms | WiFi: Up
2025-11-03 11:57:19,090 - INFO - Network Status: Connected | Download: None Mbps | Upload: None Mbps | Ping: None ms | WiFi: Up
2025-11-03 12:02:24,570 - INFO - Network Status: Connected | Download: None Mbps | Upload: None Mbps | Ping: None ms | WiFi: Up
2025-11-03 12:07:27,415 - INFO - Network Status: Connected | Download: None Mbps | Upload: None Mbps | Ping: None ms | WiFi: Up
2025-11-03 12:12:32,090 - INFO - Network Status: Connected | Download: None Mbps | Upload: None Mbps | Ping: None ms | WiFi: Up
2025-11-03 12:17:36,353 - INFO - Network Status: Connected | Download: None Mbps | Upload: None Mbps | Ping: None ms | WiFi: Up
2025-11-03 12:22:40,269 - INFO - Network Status: Connected | Download: None Mbps | Upload: None Mbps | Ping: None ms | WiFi: Up
2025-11-03 12:27:44,756 - INFO - Network Status: Connected | Download: None Mbps | Upload: None Mbps | Ping: None ms | WiFi: Up
2025-11-03 12:32:49,890 - INFO - Network Status: Connected | Download: None Mbps | Upload: None Mbps | Ping: None ms | WiFi: Up
2025-11-03 12:37:54,192 - INFO - Network Status: Connected | Download: None Mbps | Upload: None Mbps | Ping: None ms | WiFi: Up
2025-11-03 12:42:58,143 - INFO - Network Status: Connected | Download: None Mbps | Upload: None Mbps | Ping: None ms | WiFi: Up
2025-11-03 12:48:03,405 - INFO - Network Status: Connected | Download: None Mbps | Upload: None Mbps | Ping: None ms | WiFi: Up
2025-11-03 12:53:33,491 - INFO - Network Status: Connected | Download: 2.65 Mbps | Upload: 1.02 Mbps | Ping: 127.38 ms | WiFi: Up
2025-11-03 12:58:38,226 - INFO - Network Status: Connected | Download: None Mbps | Upload: None Mbps | Ping: None ms | WiFi: Up
2025-11-03 13:03:42,356 - INFO - Network Status: Connected | Download: None Mbps | Upload: None Mbps | Ping: None ms | WiFi: Up
2025-11-03 13:08:46,512 - INFO - Network Status: Connected | Download: None Mbps | Upload: None Mbps | Ping: None ms | WiFi: Up
2025-11-03 13:13:51,163 - INFO - Network Status: Connected | Download: None Mbps | Upload: None Mbps | Ping: None ms | WiFi: Up
2025-11-03 13:18:55,671 - INFO - Network Status: Connected | Download: None Mbps | Upload: None Mbps | Ping: None ms | WiFi: Up
2025-11-03 13:23:59,795 - INFO - Network Status: Connected | Download: None Mbps | Upload: None Mbps | Ping: None ms | WiFi: Up
2025-11-03 13:29:03,959 - INFO - Network Status: Connected | Download: None Mbps | Upload: None Mbps | Ping: None ms | WiFi: Up
2025-11-03 13:34:07,613 - INFO - Network Status: Connected | Download: None Mbps | Upload: None Mbps | Ping: None ms | WiFi: Up
2025-11-03 13:39:11,858 - INFO - Network Status: Connected | Download: None Mbps | Upload: None Mbps | Ping: None ms | WiFi: Up
2025-11-03 13:44:15,684 - INFO - Network Status: Connected | Download: None Mbps | Upload: None Mbps | Ping: None ms | WiFi: Up
2025-11-03 13:49:17,671 - INFO - Network Status: Connected | Download: None Mbps | Upload: None Mbps | Ping: None ms | WiFi: Up
2025-11-03 13:54:48,563 - INFO - Network Status: Connected | Download: 3.33 Mbps | Upload: 1.04 Mbps | Ping: 118.09 ms | WiFi: Up
2025-11-03 13:59:52,979 - INFO - Network Status: Connected | Download: None Mbps | Upload: None Mbps | Ping: None ms | WiFi: Up
2025-11-03 14:04:57,287 - INFO - Network Status: Connected | Download: None Mbps | Upload: None Mbps | Ping: None ms | WiFi: Up
2025-11-03 14:10:01,836 - INFO - Network Status: Connected | Download: None Mbps | Upload: None Mbps | Ping: None ms | WiFi: Up
2025-11-03 14:15:06,336 - INFO - Network Status: Connected | Download: None Mbps | Upload: None Mbps | Ping: None ms | WiFi: Up
2025-11-03 14:20:10,736 - INFO - Network Status: Connected | Download: None Mbps | Upload: None Mbps | Ping: None ms | WiFi: Up
2025-11-03 14:25:14,715 - INFO - Network Status: Connected | Download: None Mbps | Upload: None Mbps | Ping: None ms | WiFi: Up
2025-11-03 14:30:18,584 - INFO - Network Status: Connected | Download: None Mbps | Upload: None Mbps | Ping: None ms | WiFi: Up
2025-11-03 14:35:22,803 - INFO - Network Status: Connected | Download: None Mbps | Upload: None Mbps | Ping: None ms | WiFi: Up
2025-11-03 14:40:26,951 - INFO - Network Status: Connected | Download: None Mbps | Upload: None Mbps | Ping: None ms | WiFi: Up
2025-11-03 14:45:31,149 - INFO - Network Status: Connected | Download: None Mbps | Upload: None Mbps | Ping: None ms | WiFi: Up
2025-11-03 14:50:35,124 - INFO - Network Status: Connected | Download: None Mbps | Upload: None Mbps | Ping: None ms | WiFi: Up
2025-11-03 14:56:05,686 - INFO - Network Status: Connected | Download: 2.8 Mbps | Upload: 1.1 Mbps | Ping: 116.58 ms | WiFi: Up
2025-11-03 15:01:09,684 - INFO - Network Status: Connected | Download: None Mbps | Upload: None Mbps | Ping: None ms | WiFi: Up
2025-11-03 15:06:13,905 - INFO - Network Status: Connected | Download: None Mbps | Upload: None Mbps | Ping: None ms | WiFi: Up
2025-11-03 15:11:18,690 - INFO - Network Status: Connected | Download: None Mbps | Upload: None Mbps | Ping: None ms | WiFi: Up
2025-11-03 15:16:22,509 - INFO - Network Status: Connected | Download: None Mbps | Upload: None Mbps | Ping: None ms | WiFi: Up
2025-11-03 15:21:26,188 - INFO - Network Status: Connected | Download: None Mbps | Upload: None Mbps | Ping: None ms | WiFi: Up
2025-11-03 15:26:30,248 - INFO - Network Status: Connected | Download: None Mbps | Upload: None Mbps | Ping: None ms | WiFi: Up
2025-11-03 15:31:34,716 - INFO - Network Status: Connected | Download: None Mbps | Upload: None Mbps | Ping: None ms | WiFi: Up
2025-11-03 15:36:38,710 - INFO - Network Status: Connected | Download: None Mbps | Upload: None Mbps | Ping: None ms | WiFi: Up
2025-11-03 15:41:42,622 - INFO - Network Status: Connected | Download: None Mbps | Upload: None Mbps | Ping: None ms | WiFi: Up
2025-11-03 15:46:47,050 - INFO - Network Status: Connected | Download: None Mbps | Upload: None Mbps | Ping: None ms | WiFi: Up
2025-11-03 15:51:50,295 - INFO - Network Status: Connected | Download: None Mbps | Upload: None Mbps | Ping: None ms | WiFi: Up
2025-11-03 15:57:20,716 - INFO - Network Status: Connected | Download: 1.51 Mbps | Upload: 0.96 Mbps | Ping: 121.59 ms | WiFi: Up
2025-11-03 16:02:24,883 - INFO - Network Status: Connected | Download: None Mbps | Upload: None Mbps | Ping: None ms | WiFi: Up
2025-11-03 16:07:30,595 - INFO - Network Status: Connected | Download: None Mbps | Upload: None Mbps | Ping: None ms | WiFi: Up
2025-11-03 16:12:35,159 - INFO - Network Status: Connected | Download: None Mbps | Upload: None Mbps | Ping: None ms | WiFi: Up
2025-11-03 16:17:39,510 - INFO - Network Status: Connected | Download: None Mbps | Upload: None Mbps | Ping: None ms | WiFi: Up
2025-11-03 16:22:43,838 - INFO - Network Status: Connected | Download: None Mbps | Upload: None Mbps | Ping: None ms | WiFi: Up
2025-11-03 16:27:47,836 - INFO - Network Status: Connected | Download: None Mbps | Upload: None Mbps | Ping: None ms | WiFi: Up
2025-11-03 16:32:51,823 - INFO - Network Status: Connected | Download: None Mbps | Upload: None Mbps | Ping: None ms | WiFi: Up
2025-11-03 16:37:56,630 - INFO - Network Status: Connected | Download: None Mbps | Upload: None Mbps | Ping: None ms | WiFi: Up
2025-11-03 16:42:59,687 - INFO - Network Status: Connected | Download: None Mbps | Upload: None Mbps | Ping: None ms | WiFi: Up
2025-11-03 16:48:03,547 - INFO - Network Status: Connected | Download: None Mbps | Upload: None Mbps | Ping: None ms | WiFi: Up
2025-11-03 16:53:08,615 - INFO - Network Status: Connected | Download: None Mbps | Upload: None Mbps | Ping: None ms | WiFi: Up
2025-11-03 16:58:38,074 - INFO - Network Status: Connected | Download: 3.18 Mbps | Upload: 1.25 Mbps | Ping: 117.83 ms | WiFi: Up
2025-11-03 17:03:42,100 - INFO - Network Status: Connected | Download: None Mbps | Upload: None Mbps | Ping: None ms | WiFi: Up
2025-11-03 17:08:46,318 - INFO - Network Status: Connected | Download: None Mbps | Upload: None Mbps | Ping: None ms | WiFi: Up
2025-11-03 17:13:50,311 - INFO - Network Status: Connected | Download: None Mbps | Upload: None Mbps | Ping: None ms | WiFi: Up
2025-11-03 17:18:53,920 - INFO - Network Status: Connected | Download: None Mbps | Upload: None Mbps | Ping: None ms | WiFi: Up
2025-11-03 17:23:58,921 - INFO - Network Status: Connected | Download: None Mbps | Upload: None Mbps | Ping: None ms | WiFi: Up
2025-11-03 17:29:03,329 - INFO - Network Status: Connected | Download: None Mbps | Upload: None Mbps | Ping: None ms | WiFi: Up
2025-11-03 17:34:07,873 - INFO - Network Status: Connected | Download: None Mbps | Upload: None Mbps | Ping: None ms | WiFi: Up
2025-11-03 17:39:12,928 - INFO - Network Status: Connected | Download: None Mbps | Upload: None Mbps | Ping: None ms | WiFi: Up
2025-11-03 17:44:16,908 - INFO - Network Status: Connected | Download: None Mbps | Upload: None Mbps | Ping: None ms | WiFi: Up
2025-11-03 17:49:22,508 - INFO - Network Status: Connected | Download: None Mbps | Upload: None Mbps | Ping: None ms | WiFi: Up
2025-11-03 17:54:24,558 - INFO - Network Status: Connected | Download: None Mbps | Upload: None Mbps | Ping: None ms | WiFi: Up
2025-11-03 17:59:51,869 - INFO - Network Status: Connected | Download: 3.38 Mbps | Upload: 1.18 Mbps | Ping: 118.65 ms | WiFi: Up
2025-11-03 18:04:56,301 - INFO - Network Status: Connected | Download: None Mbps | Upload: None Mbps | Ping: None ms | WiFi: Up
2025-11-03 18:10:00,568 - INFO - Network Status: Connected | Download: None Mbps | Upload: None Mbps | Ping: None ms | WiFi: Up
2025-11-03 18:15:04,110 - INFO - Network Status: Connected | Download: None Mbps | Upload: None Mbps | Ping: None ms | WiFi: Up
2025-11-03 18:20:08,192 - INFO - Network Status: Connected | Download: None Mbps | Upload: None Mbps | Ping: None ms | WiFi: Up
2025-11-03 18:25:12,310 - INFO - Network Status: Connected | Download: None Mbps | Upload: None Mbps | Ping: None ms | WiFi: Up
2025-11-03 18:30:16,894 - INFO - Network Status: Connected | Download: None Mbps | Upload: None Mbps | Ping: None ms | WiFi: Up
2025-11-03 18:35:20,137 - INFO - Network Status: Connected | Download: None Mbps | Upload: None Mbps | Ping: None ms | WiFi: Up
2025-11-03 18:40:25,232 - INFO - Network Status: Connected | Download: None Mbps | Upload: None Mbps | Ping: None ms | WiFi: Up
2025-11-03 18:45:29,410 - INFO - Network Status: Connected | Download: None Mbps | Upload: None Mbps | Ping: None ms | WiFi: Up
2025-11-03 18:50:32,967 - INFO - Network Status: Connected | Download: None Mbps | Upload: None Mbps | Ping: None ms | WiFi: Up
2025-11-03 18:55:37,123 - INFO - Network Status: Connected | Download: None Mbps | Upload: None Mbps | Ping: None ms | WiFi: Up
2025-11-03 19:01:08,042 - INFO - Network Status: Connected | Download: 3.53 Mbps | Upload: 1.14 Mbps | Ping: 124.92 ms | WiFi: Up
2025-11-03 19:06:11,974 - INFO - Network Status: Connected | Download: None Mbps | Upload: None Mbps | Ping: None ms | WiFi: Up
2025-11-03 19:11:16,339 - INFO - Network Status: Connected | Download: None Mbps | Upload: None Mbps | Ping: None ms | WiFi: Up
2025-11-03 19:16:23,471 - INFO - Network Status: Connected | Download: None Mbps | Upload: None Mbps | Ping: None ms | WiFi: Up
2025-11-03 19:21:27,468 - INFO - Network Status: Connected | Download: None Mbps | Upload: None Mbps | Ping: None ms | WiFi: Up
2025-11-03 19:26:31,567 - INFO - Network Status: Connected | Download: None Mbps | Upload: None Mbps | Ping: None ms | WiFi: Up
2025-11-03 19:31:35,591 - INFO - Network Status: Connected | Download: None Mbps | Upload: None Mbps | Ping: None ms | WiFi: Up
2025-11-03 19:36:39,457 - INFO - Network Status: Connected | Download: None Mbps | Upload: None Mbps | Ping: None ms | WiFi: Up
2025-11-03 19:41:43,683 - INFO - Network Status: Connected | Download: None Mbps | Upload: None Mbps | Ping: None ms | WiFi: Up
2025-11-03 19:46:48,286 - INFO - Network Status: Connected | Download: None Mbps | Upload: None Mbps | Ping: None ms | WiFi: Up
2025-11-03 19:51:52,188 - INFO - Network Status: Connected | Download: None Mbps | Upload: None Mbps | Ping: None ms | WiFi: Up
2025-11-03 19:56:56,124 - INFO - Network Status: Connected | Download: None Mbps | Upload: None Mbps | Ping: None ms | WiFi: Up
2025-11-03 20:02:25,268 - INFO - Network Status: Connected | Download: 3.18 Mbps | Upload: 1.47 Mbps | Ping: 114.72 ms | WiFi: Up
2025-11-03 20:07:29,982 - INFO - Network Status: Connected | Download: None Mbps | Upload: None Mbps | Ping: None ms | WiFi: Up
2025-11-03 20:12:34,323 - INFO - Network Status: Connected | Download: None Mbps | Upload: None Mbps | Ping: None ms | WiFi: Up
2025-11-03 20:17:39,062 - INFO - Network Status: Connected | Download: None Mbps | Upload: None Mbps | Ping: None ms | WiFi: Up
2025-11-03 20:22:43,259 - INFO - Network Status: Connected | Download: None Mbps | Upload: None Mbps | Ping: None ms | WiFi: Up
2025-11-03 20:27:47,229 - INFO - Network Status: Connected | Download: None Mbps | Upload: None Mbps | Ping: None ms | WiFi: Up
2025-11-03 20:32:51,433 - INFO - Network Status: Connected | Download: None Mbps | Upload: None Mbps | Ping: None ms | WiFi: Up
2025-11-03 20:37:55,472 - INFO - Network Status: Connected | Download: None Mbps | Upload: None Mbps | Ping: None ms | WiFi: Up
2025-11-03 20:42:58,988 - INFO - Network Status: Connected | Download: None Mbps | Upload: None Mbps | Ping: None ms | WiFi: Up
2025-11-03 20:48:03,613 - INFO - Network Status: Connected | Download: None Mbps | Upload: None Mbps | Ping: None ms | WiFi: Up
2025-11-03 20:53:07,386 - INFO - Network Status: Connected | Download: None Mbps | Upload: None Mbps | Ping: None ms | WiFi: Up
2025-11-03 20:58:11,931 - INFO - Network Status: Connected | Download: None Mbps | Upload: None Mbps | Ping: None ms | WiFi: Up
2025-11-03 21:03:41,920 - INFO - Network Status: Connected | Download: 3.4 Mbps | Upload: 1.15 Mbps | Ping: 118.03 ms | WiFi: Up
2025-11-03 21:08:46,234 - INFO - Network Status: Connected | Download: None Mbps | Upload: None Mbps | Ping: None ms | WiFi: Up
2025-11-03 21:13:51,086 - INFO - Network Status: Connected | Download: None Mbps | Upload: None Mbps | Ping: None ms | WiFi: Up
2025-11-03 21:18:55,172 - INFO - Network Status: Connected | Download: None Mbps | Upload: None Mbps | Ping: None ms | WiFi: Up
2025-11-03 21:24:00,058 - INFO - Network Status: Connected | Download: None Mbps | Upload: None Mbps | Ping: None ms | WiFi: Up
2025-11-03 21:29:04,213 - INFO - Network Status: Connected | Download: None Mbps | Upload: None Mbps | Ping: None ms | WiFi: Up
2025-11-03 21:34:08,573 - INFO - Network Status: Connected | Download: None Mbps | Upload: None Mbps | Ping: None ms | WiFi: Up
2025-11-03 21:39:12,727 - INFO - Network Status: Connected | Download: None Mbps | Upload: None Mbps | Ping: None ms | WiFi: Up
2025-11-03 21:44:17,191 - INFO - Network Status: Connected | Download: None Mbps | Upload: None Mbps | Ping: None ms | WiFi: Up
2025-11-03 21:49:23,324 - INFO - Network Status: Connected | Download: None Mbps | Upload: None Mbps | Ping: None ms | WiFi: Up
2025-11-03 21:54:27,518 - INFO - Network Status: Connected | Download: None Mbps | Upload: None Mbps | Ping: None ms | WiFi: Up
2025-11-03 21:59:31,596 - INFO - Network Status: Connected | Download: None Mbps | Upload: None Mbps | Ping: None ms | WiFi: Up
2025-11-03 22:05:00,754 - INFO - Network Status: Connected | Download: 3.71 Mbps | Upload: 1.2 Mbps | Ping: 110.49 ms | WiFi: Up
2025-11-03 22:10:04,927 - INFO - Network Status: Connected | Download: None Mbps | Upload: None Mbps | Ping: None ms | WiFi: Up
2025-11-03 22:15:08,808 - INFO - Network Status: Connected | Download: None Mbps | Upload: None Mbps | Ping: None ms | WiFi: Up
2025-11-03 22:20:12,498 - INFO - Network Status: Connected | Download: None Mbps | Upload: None Mbps | Ping: None ms | WiFi: Up
2025-11-03 22:25:16,551 - INFO - Network Status: Connected | Download: None Mbps | Upload: None Mbps | Ping: None ms | WiFi: Up
2025-11-03 22:30:20,466 - INFO - Network Status: Connected | Download: None Mbps | Upload: None Mbps | Ping: None ms | WiFi: Up
2025-11-03 22:35:24,955 - INFO - Network Status: Connected | Download: None Mbps | Upload: None Mbps | Ping: None ms | WiFi: Up
2025-11-03 22:40:28,775 - INFO - Network Status: Connected | Download: None Mbps | Upload: None Mbps | Ping: None ms | WiFi: Up
2025-11-03 22:45:33,786 - INFO - Network Status: Connected | Download: None Mbps | Upload: None Mbps | Ping: None ms | WiFi: Up
2025-11-03 22:50:37,691 - INFO - Network Status: Connected | Download: None Mbps | Upload: None Mbps | Ping: None ms | WiFi: Up
2025-11-03 22:55:41,354 - INFO - Network Status: Connected | Download: None Mbps | Upload: None Mbps | Ping: None ms | WiFi: Up
2025-11-03 23:00:43,801 - INFO - Network Status: Connected | Download: None Mbps | Upload: None Mbps | Ping: None ms | WiFi: Up
2025-11-03 23:06:13,067 - INFO - Network Status: Connected | Download: 3.77 Mbps | Upload: 1.24 Mbps | Ping: 114.82 ms | WiFi: Up
2025-11-03 23:11:17,227 - INFO - Network Status: Connected | Download: None Mbps | Upload: None Mbps | Ping: None ms | WiFi: Up
2025-11-03 23:16:20,750 - INFO - Network Status: Connected | Download: None Mbps | Upload: None Mbps | Ping: None ms | WiFi: Up
2025-11-03 23:21:24,515 - INFO - Network Status: Connected | Download: None Mbps | Upload: None Mbps | Ping: None ms | WiFi: Up
2025-11-03 23:26:28,196 - INFO - Network Status: Connected | Download: None Mbps | Upload: None Mbps | Ping: None ms | WiFi: Up
2025-11-03 23:31:32,214 - INFO - Network Status: Connected | Download: None Mbps | Upload: None Mbps | Ping: None ms | WiFi: Up
2025-11-03 23:36:36,351 - INFO - Network Status: Connected | Download: None Mbps | Upload: None Mbps | Ping: None ms | WiFi: Up
2025-11-03 23:41:40,443 - INFO - Network Status: Connected | Download: None Mbps | Upload: None Mbps | Ping: None ms | WiFi: Up
2025-11-03 23:46:45,265 - INFO - Network Status: Connected | Download: None Mbps | Upload: None Mbps | Ping: None ms | WiFi: Up
2025-11-03 23:51:49,311 - INFO - Network Status: Connected | Download: None Mbps | Upload: None Mbps | Ping: None ms | WiFi: Up
2025-11-03 23:56:52,968 - INFO - Network Status: Connected | Download: None Mbps | Upload: None Mbps | Ping: None ms | WiFi: Up
2025-11-04 00:01:57,634 - INFO - Network Status: Connected | Download: None Mbps | Upload: None Mbps | Ping: None ms | WiFi: Up
2025-11-04 00:07:26,449 - INFO - Network Status: Connected | Download: 3.98 Mbps | Upload: 1.63 Mbps | Ping: 111.6 ms | WiFi: Up
2025-11-04 00:12:30,544 - INFO - Network Status: Connected | Download: None Mbps | Upload: None Mbps | Ping: None ms | WiFi: Up
2025-11-04 00:17:35,100 - INFO - Network Status: Connected | Download: None Mbps | Upload: None Mbps | Ping: None ms | WiFi: Up
2025-11-04 00:22:39,262 - INFO - Network Status: Connected | Download: None Mbps | Upload: None Mbps | Ping: None ms | WiFi: Up
2025-11-04 00:27:43,495 - INFO - Network Status: Connected | Download: None Mbps | Upload: None Mbps | Ping: None ms | WiFi: Up
2025-11-04 00:32:47,265 - INFO - Network Status: Connected | Download: None Mbps | Upload: None Mbps | Ping: None ms | WiFi: Up
2025-11-04 00:37:51,856 - INFO - Network Status: Connected | Download: None Mbps | Upload: None Mbps | Ping: None ms | WiFi: Up
2025-11-04 00:42:56,383 - INFO - Network Status: Connected | Download: None Mbps | Upload: None Mbps | Ping: None ms | WiFi: Up
2025-11-04 00:48:01,248 - INFO - Network Status: Connected | Download: None Mbps | Upload: None Mbps | Ping: None ms | WiFi: Up
2025-11-04 00:53:05,753 - INFO - Network Status: Connected | Download: None Mbps | Upload: None Mbps | Ping: None ms | WiFi: Up
2025-11-04 00:58:09,523 - INFO - Network Status: Connected | Download: None Mbps | Upload: None Mbps | Ping: None ms | WiFi: Up
2025-11-04 01:03:12,704 - INFO - Network Status: Connected | Download: None Mbps | Upload: None Mbps | Ping: None ms | WiFi: Up
2025-11-04 01:08:41,477 - INFO - Network Status: Connected | Download: 3.93 Mbps | Upload: 1.41 Mbps | Ping: 115.25 ms | WiFi: Up
2025-11-04 01:13:45,267 - INFO - Network Status: Connected | Download: None Mbps | Upload: None Mbps | Ping: None ms | WiFi: Up
2025-11-04 01:18:49,587 - INFO - Network Status: Connected | Download: None Mbps | Upload: None Mbps | Ping: None ms | WiFi: Up
2025-11-04 01:23:53,769 - INFO - Network Status: Connected | Download: None Mbps | Upload: None Mbps | Ping: None ms | WiFi: Up
2025-11-04 01:28:58,332 - INFO - Network Status: Connected | Download: None Mbps | Upload: None Mbps | Ping: None ms | WiFi: Up
2025-11-04 01:34:02,652 - INFO - Network Status: Connected | Download: None Mbps | Upload: None Mbps | Ping: None ms | WiFi: Up
2025-11-04 01:39:06,155 - INFO - Network Status: Connected | Download: None Mbps | Upload: None Mbps | Ping: None ms | WiFi: Up
2025-11-04 01:44:10,795 - INFO - Network Status: Connected | Download: None Mbps | Upload: None Mbps | Ping: None ms | WiFi: Up
2025-11-04 01:49:14,729 - INFO - Network Status: Connected | Download: None Mbps | Upload: None Mbps | Ping: None ms | WiFi: Up
2025-11-04 01:54:18,486 - INFO - Network Status: Connected | Download: None Mbps | Upload: None Mbps | Ping: None ms | WiFi: Up
2025-11-04 01:59:22,526 - INFO - Network Status: Connected | Download: None Mbps | Upload: None Mbps | Ping: None ms | WiFi: Up
2025-11-04 02:04:25,970 - INFO - Network Status: Connected | Download: None Mbps | Upload: None Mbps | Ping: None ms | WiFi: Up
2025-11-04 02:09:54,769 - INFO - Network Status: Connected | Download: 3.58 Mbps | Upload: 1.15 Mbps | Ping: 112.13 ms | WiFi: Up
2025-11-04 02:14:58,597 - INFO - Network Status: Connected | Download: None Mbps | Upload: None Mbps | Ping: None ms | WiFi: Up
2025-11-04 02:20:02,337 - INFO - Network Status: Connected | Download: None Mbps | Upload: None Mbps | Ping: None ms | WiFi: Up
2025-11-04 02:25:06,429 - INFO - Network Status: Connected | Download: None Mbps | Upload: None Mbps | Ping: None ms | WiFi: Up
2025-11-04 02:30:10,619 - INFO - Network Status: Connected | Download: None Mbps | Upload: None Mbps | Ping: None ms | WiFi: Up
2025-11-04 02:35:14,384 - INFO - Network Status: Connected | Download: None Mbps | Upload: None Mbps | Ping: None ms | WiFi: Up
2025-11-04 02:40:18,494 - INFO - Network Status: Connected | Download: None Mbps | Upload: None Mbps | Ping: None ms | WiFi: Up
2025-11-04 02:45:22,294 - INFO - Network Status: Connected | Download: None Mbps | Upload: None Mbps | Ping: None ms | WiFi: Up
2025-11-04 02:50:23,697 - INFO - Network Status: Connected | Download: None Mbps | Upload: None Mbps | Ping: None ms | WiFi: Up
2025-11-04 02:55:27,826 - INFO - Network Status: Connected | Download: None Mbps | Upload: None Mbps | Ping: None ms | WiFi: Up
2025-11-04 03:00:31,990 - INFO - Network Status: Connected | Download: None Mbps | Upload: None Mbps | Ping: None ms | WiFi: Up
2025-11-04 03:05:37,599 - INFO - Network Status: Connected | Download: None Mbps | Upload: None Mbps | Ping: None ms | WiFi: Up
2025-11-04 03:11:05,758 - INFO - Network Status: Connected | Download: 3.5 Mbps | Upload: 1.6 Mbps | Ping: 109.43 ms | WiFi: Up
2025-11-04 03:16:09,602 - INFO - Network Status: Connected | Download: None Mbps | Upload: None Mbps | Ping: None ms | WiFi: Up
2025-11-04 03:21:13,273 - INFO - Network Status: Connected | Download: None Mbps | Upload: None Mbps | Ping: None ms | WiFi: Up
2025-11-04 03:26:17,069 - INFO - Network Status: Connected | Download: None Mbps | Upload: None Mbps | Ping: None ms | WiFi: Up
2025-11-04 03:31:20,559 - INFO - Network Status: Connected | Download: None Mbps | Upload: None Mbps | Ping: None ms | WiFi: Up
2025-11-04 03:36:24,338 - INFO - Network Status: Connected | Download: None Mbps | Upload: None Mbps | Ping: None ms | WiFi: Up
2025-11-04 03:41:28,272 - INFO - Network Status: Connected | Download: None Mbps | Upload: None Mbps | Ping: None ms | WiFi: Up
2025-11-04 03:46:32,237 - INFO - Network Status: Connected | Download: None Mbps | Upload: None Mbps | Ping: None ms | WiFi: Up
2025-11-04 03:51:36,257 - INFO - Network Status: Connected | Download: None Mbps | Upload: None Mbps | Ping: None ms | WiFi: Up
2025-11-04 03:56:38,603 - INFO - Network Status: Connected | Download: None Mbps | Upload: None Mbps | Ping: None ms | WiFi: Up
2025-11-04 04:01:40,793 - INFO - Network Status: Connected | Download: None Mbps | Upload: None Mbps | Ping: None ms | WiFi: Up
2025-11-04 04:06:43,627 - INFO - Network Status: Connected | Download: None Mbps | Upload: None Mbps | Ping: None ms | WiFi: Up
2025-11-04 04:12:11,383 - INFO - Network Status: Connected | Download: 2.36 Mbps | Upload: 1.18 Mbps | Ping: 114.72 ms | WiFi: Up
2025-11-04 04:17:15,067 - INFO - Network Status: Connected | Download: None Mbps | Upload: None Mbps | Ping: None ms | WiFi: Up
2025-11-04 04:22:18,597 - INFO - Network Status: Connected | Download: None Mbps | Upload: None Mbps | Ping: None ms | WiFi: Up
2025-11-04 04:27:22,550 - INFO - Network Status: Connected | Download: None Mbps | Upload: None Mbps | Ping: None ms | WiFi: Up
2025-11-04 04:32:24,800 - INFO - Network Status: Connected | Download: None Mbps | Upload: None Mbps | Ping: None ms | WiFi: Up
2025-11-04 04:37:29,215 - INFO - Network Status: Connected | Download: None Mbps | Upload: None Mbps | Ping: None ms | WiFi: Up
2025-11-04 04:42:32,977 - INFO - Network Status: Connected | Download: None Mbps | Upload: None Mbps | Ping: None ms | WiFi: Up
2025-11-04 04:47:36,626 - INFO - Network Status: Connected | Download: None Mbps | Upload: None Mbps | Ping: None ms | WiFi: Up
2025-11-04 04:52:40,903 - INFO - Network Status: Connected | Download: None Mbps | Upload: None Mbps | Ping: None ms | WiFi: Up
2025-11-04 04:57:45,308 - INFO - Network Status: Connected | Download: None Mbps | Upload: None Mbps | Ping: None ms | WiFi: Up
2025-11-04 05:02:49,351 - INFO - Network Status: Connected | Download: None Mbps | Upload: None Mbps | Ping: None ms | WiFi: Up
2025-11-04 05:07:53,167 - INFO - Network Status: Connected | Download: None Mbps | Upload: None Mbps | Ping: None ms | WiFi: Up
2025-11-04 05:13:19,855 - INFO - Network Status: Connected | Download: 3.82 Mbps | Upload: 1.49 Mbps | Ping: 109.31 ms | WiFi: Up
2025-11-04 05:18:24,912 - INFO - Network Status: Connected | Download: None Mbps | Upload: None Mbps | Ping: None ms | WiFi: Up
2025-11-04 05:23:28,772 - INFO - Network Status: Connected | Download: None Mbps | Upload: None Mbps | Ping: None ms | WiFi: Up
2025-11-04 05:28:32,701 - INFO - Network Status: Connected | Download: None Mbps | Upload: None Mbps | Ping: None ms | WiFi: Up
2025-11-04 05:33:36,581 - INFO - Network Status: Connected | Download: None Mbps | Upload: None Mbps | Ping: None ms | WiFi: Up
2025-11-04 05:38:40,330 - INFO - Network Status: Connected | Download: None Mbps | Upload: None Mbps | Ping: None ms | WiFi: Up
2025-11-04 05:43:44,475 - INFO - Network Status: Connected | Download: None Mbps | Upload: None Mbps | Ping: None ms | WiFi: Up
2025-11-04 05:48:48,096 - INFO - Network Status: Connected | Download: None Mbps | Upload: None Mbps | Ping: None ms | WiFi: Up
2025-11-04 05:53:51,811 - INFO - Network Status: Connected | Download: None Mbps | Upload: None Mbps | Ping: None ms | WiFi: Up
2025-11-04 05:58:55,775 - INFO - Network Status: Connected | Download: None Mbps | Upload: None Mbps | Ping: None ms | WiFi: Up
2025-11-04 06:03:59,499 - INFO - Network Status: Connected | Download: None Mbps | Upload: None Mbps | Ping: None ms | WiFi: Up
2025-11-04 06:09:03,475 - INFO - Network Status: Connected | Download: None Mbps | Upload: None Mbps | Ping: None ms | WiFi: Up
2025-11-04 06:14:32,111 - INFO - Network Status: Connected | Download: 4.38 Mbps | Upload: 1.25 Mbps | Ping: 120.86 ms | WiFi: Up
2025-11-04 06:19:36,132 - INFO - Network Status: Connected | Download: None Mbps | Upload: None Mbps | Ping: None ms | WiFi: Up
2025-11-04 06:24:39,579 - INFO - Network Status: Connected | Download: None Mbps | Upload: None Mbps | Ping: None ms | WiFi: Up
2025-11-04 06:29:43,544 - INFO - Network Status: Connected | Download: None Mbps | Upload: None Mbps | Ping: None ms | WiFi: Up
2025-11-04 06:34:47,369 - INFO - Network Status: Connected | Download: None Mbps | Upload: None Mbps | Ping: None ms | WiFi: Up
2025-11-04 06:39:50,685 - INFO - Network Status: Connected | Download: None Mbps | Upload: None Mbps | Ping: None ms | WiFi: Up
2025-11-04 06:44:54,556 - INFO - Network Status: Connected | Download: None Mbps | Upload: None Mbps | Ping: None ms | WiFi: Up
2025-11-04 06:49:58,701 - INFO - Network Status: Connected | Download: None Mbps | Upload: None Mbps | Ping: None ms | WiFi: Up
2025-11-04 06:55:02,489 - INFO - Network Status: Connected | Download: None Mbps | Upload: None Mbps | Ping: None ms | WiFi: Up
2025-11-04 07:00:06,736 - INFO - Network Status: Connected | Download: None Mbps | Upload: None Mbps | Ping: None ms | WiFi: Up
2025-11-04 07:05:10,712 - INFO - Network Status: Connected | Download: None Mbps | Upload: None Mbps | Ping: None ms | WiFi: Up
2025-11-04 07:10:15,065 - INFO - Network Status: Connected | Download: None Mbps | Upload: None Mbps | Ping: None ms | WiFi: Up
2025-11-04 07:15:44,448 - INFO - Network Status: Connected | Download: 4.01 Mbps | Upload: 1.3 Mbps | Ping: 109.33 ms | WiFi: Up
2025-11-04 07:20:48,581 - INFO - Network Status: Connected | Download: None Mbps | Upload: None Mbps | Ping: None ms | WiFi: Up
2025-11-04 07:25:52,419 - INFO - Network Status: Connected | Download: None Mbps | Upload: None Mbps | Ping: None ms | WiFi: Up
2025-11-04 07:30:56,628 - INFO - Network Status: Connected | Download: None Mbps | Upload: None Mbps | Ping: None ms | WiFi: Up
2025-11-04 07:36:00,991 - INFO - Network Status: Connected | Download: None Mbps | Upload: None Mbps | Ping: None ms | WiFi: Up
2025-11-04 07:41:06,012 - INFO - Network Status: Connected | Download: None Mbps | Upload: None Mbps | Ping: None ms | WiFi: Up
2025-11-04 07:46:10,154 - INFO - Network Status: Connected | Download: None Mbps | Upload: None Mbps | Ping: None ms | WiFi: Up
2025-11-04 07:51:14,201 - INFO - Network Status: Connected | Download: None Mbps | Upload: None Mbps | Ping: None ms | WiFi: Up
2025-11-04 07:56:18,052 - INFO - Network Status: Connected | Download: None Mbps | Upload: None Mbps | Ping: None ms | WiFi: Up
2025-11-04 08:01:22,888 - INFO - Network Status: Connected | Download: None Mbps | Upload: None Mbps | Ping: None ms | WiFi: Up
2025-11-04 08:06:27,158 - INFO - Network Status: Connected | Download: None Mbps | Upload: None Mbps | Ping: None ms | WiFi: Up
2025-11-04 08:11:30,930 - INFO - Network Status: Connected | Download: None Mbps | Upload: None Mbps | Ping: None ms | WiFi: Up
2025-11-04 08:17:02,827 - INFO - Network Status: Connected | Download: 3.42 Mbps | Upload: 1.15 Mbps | Ping: 115.05 ms | WiFi: Up
2025-11-04 08:22:07,737 - INFO - Network Status: Connected | Download: None Mbps | Upload: None Mbps | Ping: None ms | WiFi: Up
2025-11-04 08:27:11,848 - INFO - Network Status: Connected | Download: None Mbps | Upload: None Mbps | Ping: None ms | WiFi: Up
2025-11-04 08:32:16,006 - INFO - Network Status: Connected | Download: None Mbps | Upload: None Mbps | Ping: None ms | WiFi: Up
2025-11-04 08:37:20,180 - INFO - Network Status: Connected | Download: None Mbps | Upload: None Mbps | Ping: None ms | WiFi: Up
2025-11-04 08:42:23,732 - INFO - Network Status: Connected | Download: None Mbps | Upload: None Mbps | Ping: None ms | WiFi: Up
2025-11-04 08:47:25,662 - INFO - Network Status: Connected | Download: None Mbps | Upload: None Mbps | Ping: None ms | WiFi: Up
2025-11-04 08:52:30,193 - INFO - Network Status: Connected | Download: None Mbps | Upload: None Mbps | Ping: None ms | WiFi: Up
2025-11-04 08:57:34,331 - INFO - Network Status: Connected | Download: None Mbps | Upload: None Mbps | Ping: None ms | WiFi: Up
2025-11-04 09:02:38,322 - INFO - Network Status: Connected | Download: None Mbps | Upload: None Mbps | Ping: None ms | WiFi: Up
2025-11-04 09:07:42,591 - INFO - Network Status: Connected | Download: None Mbps | Upload: None Mbps | Ping: None ms | WiFi: Up
2025-11-04 09:12:46,588 - INFO - Network Status: Connected | Download: None Mbps | Upload: None Mbps | Ping: None ms | WiFi: Up
2025-11-04 09:18:18,121 - INFO - Network Status: Connected | Download: 3.47 Mbps | Upload: 0.99 Mbps | Ping: 116.1 ms | WiFi: Up
2025-11-04 09:23:22,003 - INFO - Network Status: Connected | Download: None Mbps | Upload: None Mbps | Ping: None ms | WiFi: Up
2025-11-04 09:28:25,967 - INFO - Network Status: Connected | Download: None Mbps | Upload: None Mbps | Ping: None ms | WiFi: Up
2025-11-04 09:33:29,793 - INFO - Network Status: Connected | Download: None Mbps | Upload: None Mbps | Ping: None ms | WiFi: Up
2025-11-04 09:38:33,962 - INFO - Network Status: Connected | Download: None Mbps | Upload: None Mbps | Ping: None ms | WiFi: Up
2025-11-04 09:43:38,107 - INFO - Network Status: Connected | Download: None Mbps | Upload: None Mbps | Ping: None ms | WiFi: Up
2025-11-04 09:48:42,250 - INFO - Network Status: Connected | Download: None Mbps | Upload: None Mbps | Ping: None ms | WiFi: Up
2025-11-04 09:53:46,328 - INFO - Network Status: Connected | Download: None Mbps | Upload: None Mbps | Ping: None ms | WiFi: Up
2025-11-04 09:58:50,415 - INFO - Network Status: Connected | Download: None Mbps | Upload: None Mbps | Ping: None ms | WiFi: Up
2025-11-04 10:03:54,844 - INFO - Network Status: Connected | Download: None Mbps | Upload: None Mbps | Ping: None ms | WiFi: Up
2025-11-04 10:08:54,850 - WARNING - Network Status: Disconnected
2025-11-04 10:13:59,295 - INFO - Network Status: Connected | Download: None Mbps | Upload: None Mbps | Ping: None ms | WiFi: Up
2025-11-04 10:19:28,719 - INFO - Network Status: Connected | Download: 5.01 Mbps | Upload: 1.15 Mbps | Ping: 101.47 ms | WiFi: Up
2025-11-04 10:24:29,819 - INFO - Network Status: Connected | Download: None Mbps | Upload: None Mbps | Ping: None ms | WiFi: Up
2025-11-04 10:29:30,721 - INFO - Network Status: Connected | Download: None Mbps | Upload: None Mbps | Ping: None ms | WiFi: Up
2025-11-04 10:34:32,221 - INFO - Network Status: Connected | Download: None Mbps | Upload: None Mbps | Ping: None ms | WiFi: Up
2025-11-04 10:39:33,685 - INFO - Network Status: Connected | Download: None Mbps | Upload: None Mbps | Ping: None ms | WiFi: Up
2025-11-04 10:44:35,097 - INFO - Network Status: Connected | Download: None Mbps | Upload: None Mbps | Ping: None ms | WiFi: Up
2025-11-04 10:49:36,568 - INFO - Network Status: Connected | Download: None Mbps | Upload: None Mbps | Ping: None ms | WiFi: Up
2025-11-04 10:54:38,452 - INFO - Network Status: Connected | Download: None Mbps | Upload: None Mbps | Ping: None ms | WiFi: Up
2025-11-04 10:59:40,140 - INFO - Network Status: Connected | Download: None Mbps | Upload: None Mbps | Ping: None ms | WiFi: Up
2025-11-04 11:04:41,723 - INFO - Network Status: Connected | Download: None Mbps | Upload: None Mbps | Ping: None ms | WiFi: Up
2025-11-04 11:09:43,444 - INFO - Network Status: Connected | Download: None Mbps | Upload: None Mbps | Ping: None ms | WiFi: Up
2025-11-04 11:14:44,832 - INFO - Network Status: Connected | Download: None Mbps | Upload: None Mbps | Ping: None ms | WiFi: Up
2025-11-04 11:20:08,608 - INFO - Network Status: Connected | Download: 6.04 Mbps | Upload: 2.08 Mbps | Ping: 44.34 ms | WiFi: Up
2025-11-04 11:25:10,431 - INFO - Network Status: Connected | Download: None Mbps | Upload: None Mbps | Ping: None ms | WiFi: Up
2025-11-04 11:30:12,450 - INFO - Network Status: Connected | Download: None Mbps | Upload: None Mbps | Ping: None ms | WiFi: Up
2025-11-04 11:35:14,204 - INFO - Network Status: Connected | Download: None Mbps | Upload: None Mbps | Ping: None ms | WiFi: Up
2025-11-04 11:40:16,570 - INFO - Network Status: Connected | Download: None Mbps | Upload: None Mbps | Ping: None ms | WiFi: Up
2025-11-04 11:45:18,093 - INFO - Network Status: Connected | Download: None Mbps | Upload: None Mbps | Ping: None ms | WiFi: Up
2025-11-04 11:50:19,473 - INFO - Network Status: Connected | Download: None Mbps | Upload: None Mbps | Ping: None ms | WiFi: Up
2025-11-04 11:55:20,808 - INFO - Network Status: Connected | Download: None Mbps | Upload: None Mbps | Ping: None ms | WiFi: Up
2025-11-04 12:00:22,275 - INFO - Network Status: Connected | Download: None Mbps | Upload: None Mbps | Ping: None ms | WiFi: Up
2025-11-04 12:05:23,662 - INFO - Network Status: Connected | Download: None Mbps | Upload: None Mbps | Ping: None ms | WiFi: Up
2025-11-04 12:10:25,009 - INFO - Network Status: Connected | Download: None Mbps | Upload: None Mbps | Ping: None ms | WiFi: Up
2025-11-04 12:15:33,903 - INFO - Network Status: Connected | Download: None Mbps | Upload: None Mbps | Ping: None ms | WiFi: Up
2025-11-04 12:20:58,664 - INFO - Network Status: Connected | Download: 12.51 Mbps | Upload: 2.35 Mbps | Ping: 58.57 ms | WiFi: Up
2025-11-04 12:26:00,220 - INFO - Network Status: Connected | Download: None Mbps | Upload: None Mbps | Ping: None ms | WiFi: Up
2025-11-04 12:31:02,005 - INFO - Network Status: Connected | Download: None Mbps | Upload: None Mbps | Ping: None ms | WiFi: Up
2025-11-04 12:36:03,721 - INFO - Network Status: Connected | Download: None Mbps | Upload: None Mbps | Ping: None ms | WiFi: Up
2025-11-04 12:41:05,667 - INFO - Network Status: Connected | Download: None Mbps | Upload: None Mbps | Ping: None ms | WiFi: Up
2025-11-04 12:46:07,543 - INFO - Network Status: Connected | Download: None Mbps | Upload: None Mbps | Ping: None ms | WiFi: Up
2025-11-04 12:51:09,088 - INFO - Network Status: Connected | Download: None Mbps | Upload: None Mbps | Ping: None ms | WiFi: Up
2025-11-04 12:56:10,580 - INFO - Network Status: Connected | Download: None Mbps | Upload: None Mbps | Ping: None ms | WiFi: Up
2025-11-04 13:01:12,422 - INFO - Network Status: Connected | Download: None Mbps | Upload: None Mbps | Ping: None ms | WiFi: Up
2025-11-04 13:06:13,774 - INFO - Network Status: Connected | Download: None Mbps | Upload: None Mbps | Ping: None ms | WiFi: Up
2025-11-04 13:11:15,210 - INFO - Network Status: Connected | Download: None Mbps | Upload: None Mbps | Ping: None ms | WiFi: Up
2025-11-04 13:16:16,625 - INFO - Network Status: Connected | Download: None Mbps | Upload: None Mbps | Ping: None ms | WiFi: Up
2025-11-04 13:21:40,569 - INFO - Network Status: Connected | Download: 13.27 Mbps | Upload: 2.27 Mbps | Ping: 47.98 ms | WiFi: Up
2025-11-04 13:26:41,955 - INFO - Network Status: Connected | Download: None Mbps | Upload: None Mbps | Ping: None ms | WiFi: Up
2025-11-04 13:31:43,691 - INFO - Network Status: Connected | Download: None Mbps | Upload: None Mbps | Ping: None ms | WiFi: Up
2025-11-04 13:36:45,464 - INFO - Network Status: Connected | Download: None Mbps | Upload: None Mbps | Ping: None ms | WiFi: Up
2025-11-04 13:41:46,810 - INFO - Network Status: Connected | Download: None Mbps | Upload: None Mbps | Ping: None ms | WiFi: Up
2025-11-04 13:46:48,673 - INFO - Network Status: Connected | Download: None Mbps | Upload: None Mbps | Ping: None ms | WiFi: Up
2025-11-04 13:51:50,485 - INFO - Network Status: Connected | Download: None Mbps | Upload: None Mbps | Ping: None ms | WiFi: Up
2025-11-04 13:56:52,013 - INFO - Network Status: Connected | Download: None Mbps | Upload: None Mbps | Ping: None ms | WiFi: Up
2025-11-04 14:01:54,184 - INFO - Network Status: Connected | Download: None Mbps | Upload: None Mbps | Ping: None ms | WiFi: Up
2025-11-04 14:06:56,378 - INFO - Network Status: Connected | Download: None Mbps | Upload: None Mbps | Ping: None ms | WiFi: Up
2025-11-04 14:11:58,493 - INFO - Network Status: Connected | Download: None Mbps | Upload: None Mbps | Ping: None ms | WiFi: Up
2025-11-04 14:16:59,968 - INFO - Network Status: Connected | Download: None Mbps | Upload: None Mbps | Ping: None ms | WiFi: Up
2025-11-04 14:22:24,544 - INFO - Network Status: Connected | Download: 13.31 Mbps | Upload: 4.13 Mbps | Ping: 42.07 ms | WiFi: Up
2025-11-04 14:27:26,076 - INFO - Network Status: Connected | Download: None Mbps | Upload: None Mbps | Ping: None ms | WiFi: Up
2025-11-04 14:32:27,628 - INFO - Network Status: Connected | Download: None Mbps | Upload: None Mbps | Ping: None ms | WiFi: Up
2025-11-04 14:37:29,306 - INFO - Network Status: Connected | Download: None Mbps | Upload: None Mbps | Ping: None ms | WiFi: Up
2025-11-04 14:42:30,558 - INFO - Network Status: Connected | Download: None Mbps | Upload: None Mbps | Ping: None ms | WiFi: Up
2025-11-04 14:47:32,542 - INFO - Network Status: Connected | Download: None Mbps | Upload: None Mbps | Ping: None ms | WiFi: Up
2025-11-04 14:52:33,888 - INFO - Network Status: Connected | Download: None Mbps | Upload: None Mbps | Ping: None ms | WiFi: Up
2025-11-04 14:57:35,576 - INFO - Network Status: Connected | Download: None Mbps | Upload: None Mbps | Ping: None ms | WiFi: Up
2025-11-04 15:02:38,025 - INFO - Network Status: Connected | Download: None Mbps | Upload: None Mbps | Ping: None ms | WiFi: Up
2025-11-04 15:07:39,773 - INFO - Network Status: Connected | Download: None Mbps | Upload: None Mbps | Ping: None ms | WiFi: Up
2025-11-04 15:12:41,618 - INFO - Network Status: Connected | Download: None Mbps | Upload: None Mbps | Ping: None ms | WiFi: Up
2025-11-04 15:17:43,359 - INFO - Network Status: Connected | Download: None Mbps | Upload: None Mbps | Ping: None ms | WiFi: Up
2025-11-04 15:23:07,363 - INFO - Network Status: Connected | Download: 3.36 Mbps | Upload: 3.02 Mbps | Ping: 40.38 ms | WiFi: Up
2025-11-04 15:28:09,282 - INFO - Network Status: Connected | Download: None Mbps | Upload: None Mbps | Ping: None ms | WiFi: Up
2025-11-04 15:33:11,227 - INFO - Network Status: Connected | Download: None Mbps | Upload: None Mbps | Ping: None ms | WiFi: Up
2025-11-04 15:38:12,716 - INFO - Network Status: Connected | Download: None Mbps | Upload: None Mbps | Ping: None ms | WiFi: Up
2025-11-04 15:43:14,430 - INFO - Network Status: Connected | Download: None Mbps | Upload: None Mbps | Ping: None ms | WiFi: Up
2025-11-04 15:48:16,185 - INFO - Network Status: Connected | Download: None Mbps | Upload: None Mbps | Ping: None ms | WiFi: Up
2025-11-04 15:53:17,727 - INFO - Network Status: Connected | Download: None Mbps | Upload: None Mbps | Ping: None ms | WiFi: Up
2025-11-04 15:58:19,423 - INFO - Network Status: Connected | Download: None Mbps | Upload: None Mbps | Ping: None ms | WiFi: Up
2025-11-04 16:03:20,895 - INFO - Network Status: Connected | Download: None Mbps | Upload: None Mbps | Ping: None ms | WiFi: Up
2025-11-04 16:08:22,444 - INFO - Network Status: Connected | Download: None Mbps | Upload: None Mbps | Ping: None ms | WiFi: Up
2025-11-04 16:13:24,017 - INFO - Network Status: Connected | Download: None Mbps | Upload: None Mbps | Ping: None ms | WiFi: Up
2025-11-04 16:18:25,553 - INFO - Network Status: Connected | Download: None Mbps | Upload: None Mbps | Ping: None ms | WiFi: Up
2025-11-04 16:23:49,454 - INFO - Network Status: Connected | Download: 17.15 Mbps | Upload: 2.89 Mbps | Ping: 40.78 ms | WiFi: Up
2025-11-04 16:28:51,481 - INFO - Network Status: Connected | Download: None Mbps | Upload: None Mbps | Ping: None ms | WiFi: Up
2025-11-04 16:33:53,039 - INFO - Network Status: Connected | Download: None Mbps | Upload: None Mbps | Ping: None ms | WiFi: Up
2025-11-04 16:38:55,070 - INFO - Network Status: Connected | Download: None Mbps | Upload: None Mbps | Ping: None ms | WiFi: Up
2025-11-04 16:43:56,433 - INFO - Network Status: Connected | Download: None Mbps | Upload: None Mbps | Ping: None ms | WiFi: Up
2025-11-04 16:48:58,297 - INFO - Network Status: Connected | Download: None Mbps | Upload: None Mbps | Ping: None ms | WiFi: Up
2025-11-04 16:54:00,044 - INFO - Network Status: Connected | Download: None Mbps | Upload: None Mbps | Ping: None ms | WiFi: Up
2025-11-04 16:59:01,913 - INFO - Network Status: Connected | Download: None Mbps | Upload: None Mbps | Ping: None ms | WiFi: Up
2025-11-04 17:04:03,607 - INFO - Network Status: Connected | Download: None Mbps | Upload: None Mbps | Ping: None ms | WiFi: Up
2025-11-04 17:09:05,220 - INFO - Network Status: Connected | Download: None Mbps | Upload: None Mbps | Ping: None ms | WiFi: Up
2025-11-04 17:14:06,548 - INFO - Network Status: Connected | Download: None Mbps | Upload: None Mbps | Ping: None ms | WiFi: Up
2025-11-04 17:19:08,577 - INFO - Network Status: Connected | Download: None Mbps | Upload: None Mbps | Ping: None ms | WiFi: Up
2025-11-04 17:24:33,307 - INFO - Network Status: Connected | Download: 6.02 Mbps | Upload: 2.65 Mbps | Ping: 62.82 ms | WiFi: Up
2025-11-04 17:29:35,032 - INFO - Network Status: Connected | Download: None Mbps | Upload: None Mbps | Ping: None ms | WiFi: Up
2025-11-04 17:34:36,468 - INFO - Network Status: Connected | Download: None Mbps | Upload: None Mbps | Ping: None ms | WiFi: Up
2025-11-04 17:39:38,164 - INFO - Network Status: Connected | Download: None Mbps | Upload: None Mbps | Ping: None ms | WiFi: Up
2025-11-04 17:44:40,042 - INFO - Network Status: Connected | Download: None Mbps | Upload: None Mbps | Ping: None ms | WiFi: Up
2025-11-04 17:49:41,769 - INFO - Network Status: Connected | Download: None Mbps | Upload: None Mbps | Ping: None ms | WiFi: Up
2025-11-04 17:54:43,757 - INFO - Network Status: Connected | Download: None Mbps | Upload: None Mbps | Ping: None ms | WiFi: Up
2025-11-04 17:59:45,346 - INFO - Network Status: Connected | Download: None Mbps | Upload: None Mbps | Ping: None ms | WiFi: Up
2025-11-04 18:04:46,984 - INFO - Network Status: Connected | Download: None Mbps | Upload: None Mbps | Ping: None ms | WiFi: Up
2025-11-04 18:09:48,766 - INFO - Network Status: Connected | Download: None Mbps | Upload: None Mbps | Ping: None ms | WiFi: Up
2025-11-04 18:14:50,585 - INFO - Network Status: Connected | Download: None Mbps | Upload: None Mbps | Ping: None ms | WiFi: Up
2025-11-04 18:19:52,293 - INFO - Network Status: Connected | Download: None Mbps | Upload: None Mbps | Ping: None ms | WiFi: Up
2025-11-04 18:25:16,325 - INFO - Network Status: Connected | Download: 9.09 Mbps | Upload: 3.28 Mbps | Ping: 39.62 ms | WiFi: Up
2025-11-04 18:30:18,193 - INFO - Network Status: Connected | Download: None Mbps | Upload: None Mbps | Ping: None ms | WiFi: Up
2025-11-04 18:35:19,669 - INFO - Network Status: Connected | Download: None Mbps | Upload: None Mbps | Ping: None ms | WiFi: Up
2025-11-04 18:40:21,022 - INFO - Network Status: Connected | Download: None Mbps | Upload: None Mbps | Ping: None ms | WiFi: Up
2025-11-04 18:45:22,836 - INFO - Network Status: Connected | Download: None Mbps | Upload: None Mbps | Ping: None ms | WiFi: Up
2025-11-04 18:50:24,734 - INFO - Network Status: Connected | Download: None Mbps | Upload: None Mbps | Ping: None ms | WiFi: Up
2025-11-04 18:55:26,692 - INFO - Network Status: Connected | Download: None Mbps | Upload: None Mbps | Ping: None ms | WiFi: Up
2025-11-04 19:00:28,528 - INFO - Network Status: Connected | Download: None Mbps | Upload: None Mbps | Ping: None ms | WiFi: Up
2025-11-04 19:05:30,091 - INFO - Network Status: Connected | Download: None Mbps | Upload: None Mbps | Ping: None ms | WiFi: Up
2025-11-04 19:10:31,989 - INFO - Network Status: Connected | Download: None Mbps | Upload: None Mbps | Ping: None ms | WiFi: Up
2025-11-04 19:15:33,810 - INFO - Network Status: Connected | Download: None Mbps | Upload: None Mbps | Ping: None ms | WiFi: Up
2025-11-04 19:20:36,101 - INFO - Network Status: Connected | Download: None Mbps | Upload: None Mbps | Ping: None ms | WiFi: Up
2025-11-04 19:26:00,059 - INFO - Network Status: Connected | Download: 16.36 Mbps | Upload: 2.44 Mbps | Ping: 43.95 ms | WiFi: Up
2025-11-04 19:31:02,219 - INFO - Network Status: Connected | Download: None Mbps | Upload: None Mbps | Ping: None ms | WiFi: Up
2025-11-04 19:36:03,894 - INFO - Network Status: Connected | Download: None Mbps | Upload: None Mbps | Ping: None ms | WiFi: Up
2025-11-04 19:41:05,405 - INFO - Network Status: Connected | Download: None Mbps | Upload: None Mbps | Ping: None ms | WiFi: Up
2025-11-04 19:46:07,456 - INFO - Network Status: Connected | Download: None Mbps | Upload: None Mbps | Ping: None ms | WiFi: Up
2025-11-04 19:51:09,780 - INFO - Network Status: Connected | Download: None Mbps | Upload: None Mbps | Ping: None ms | WiFi: Up
2025-11-04 19:56:11,797 - INFO - Network Status: Connected | Download: None Mbps | Upload: None Mbps | Ping: None ms | WiFi: Up
2025-11-04 20:01:13,887 - INFO - Network Status: Connected | Download: None Mbps | Upload: None Mbps | Ping: None ms | WiFi: Up
2025-11-04 20:06:18,692 - INFO - Network Status: Connected | Download: None Mbps | Upload: None Mbps | Ping: None ms | WiFi: Up
2025-11-04 20:11:21,722 - INFO - Network Status: Connected | Download: None Mbps | Upload: None Mbps | Ping: None ms | WiFi: Up
2025-11-04 20:16:23,893 - INFO - Network Status: Connected | Download: None Mbps | Upload: None Mbps | Ping: None ms | WiFi: Up
2025-11-04 20:21:27,632 - INFO - Network Status: Connected | Download: None Mbps | Upload: None Mbps | Ping: None ms | WiFi: Up
2025-11-04 20:26:58,568 - INFO - Network Status: Connected | Download: 1.52 Mbps | Upload: 2.82 Mbps | Ping: 93.11 ms | WiFi: Up
2025-11-04 20:32:00,966 - INFO - Network Status: Connected | Download: None Mbps | Upload: None Mbps | Ping: None ms | WiFi: Up
2025-11-04 20:37:09,107 - INFO - Network Status: Connected | Download: None Mbps | Upload: None Mbps | Ping: None ms | WiFi: Up
2025-11-04 20:42:11,678 - INFO - Network Status: Connected | Download: None Mbps | Upload: None Mbps | Ping: None ms | WiFi: Up
2025-11-04 20:47:15,452 - INFO - Network Status: Connected | Download: None Mbps | Upload: None Mbps | Ping: None ms | WiFi: Up
2025-11-04 20:52:18,118 - INFO - Network Status: Connected | Download: None Mbps | Upload: None Mbps | Ping: None ms | WiFi: Up
2025-11-04 20:57:21,117 - INFO - Network Status: Connected | Download: None Mbps | Upload: None Mbps | Ping: None ms | WiFi: Up
2025-11-04 21:02:23,993 - INFO - Network Status: Connected | Download: None Mbps | Upload: None Mbps | Ping: None ms | WiFi: Up
2025-11-04 21:07:35,765 - INFO - Network Status: Connected | Download: None Mbps | Upload: None Mbps | Ping: None ms | WiFi: Up
2025-11-04 21:12:40,012 - INFO - Network Status: Connected | Download: None Mbps | Upload: None Mbps | Ping: None ms | WiFi: Up
2025-11-04 21:17:47,977 - INFO - Network Status: Connected | Download: None Mbps | Upload: None Mbps | Ping: None ms | WiFi: Up
2025-11-04 21:22:52,516 - INFO - Network Status: Connected | Download: None Mbps | Upload: None Mbps | Ping: None ms | WiFi: Up
2025-11-04 21:28:26,355 - INFO - Network Status: Connected | Download: 1.38 Mbps | Upload: 2.42 Mbps | Ping: 86.78 ms | WiFi: Up
2025-11-04 21:33:28,650 - INFO - Network Status: Connected | Download: None Mbps | Upload: None Mbps | Ping: None ms | WiFi: Up
2025-11-04 21:38:30,738 - INFO - Network Status: Connected | Download: None Mbps | Upload: None Mbps | Ping: None ms | WiFi: Up
2025-11-04 21:43:32,586 - INFO - Network Status: Connected | Download: None Mbps | Upload: None Mbps | Ping: None ms | WiFi: Up
2025-11-04 21:48:34,695 - INFO - Network Status: Connected | Download: None Mbps | Upload: None Mbps | Ping: None ms | WiFi: Up
2025-11-04 21:53:36,820 - INFO - Network Status: Connected | Download: None Mbps | Upload: None Mbps | Ping: None ms | WiFi: Up
2025-11-04 21:58:38,960 - INFO - Network Status: Connected | Download: None Mbps | Upload: None Mbps | Ping: None ms | WiFi: Up
2025-11-04 22:03:40,898 - INFO - Network Status: Connected | Download: None Mbps | Upload: None Mbps | Ping: None ms | WiFi: Up
2025-11-04 22:08:42,969 - INFO - Network Status: Connected | Download: None Mbps | Upload: None Mbps | Ping: None ms | WiFi: Up
2025-11-04 22:13:46,217 - INFO - Network Status: Connected | Download: None Mbps | Upload: None Mbps | Ping: None ms | WiFi: Up
2025-11-04 22:18:47,821 - INFO - Network Status: Connected | Download: None Mbps | Upload: None Mbps | Ping: None ms | WiFi: Up
2025-11-04 22:23:49,432 - INFO - Network Status: Connected | Download: None Mbps | Upload: None Mbps | Ping: None ms | WiFi: Up
2025-11-04 22:29:13,634 - INFO - Network Status: Connected | Download: 4.75 Mbps | Upload: 2.82 Mbps | Ping: 44.85 ms | WiFi: Up
2025-11-04 22:34:15,049 - INFO - Network Status: Connected | Download: None Mbps | Upload: None Mbps | Ping: None ms | WiFi: Up
2025-11-04 22:39:16,774 - INFO - Network Status: Connected | Download: None Mbps | Upload: None Mbps | Ping: None ms | WiFi: Up
2025-11-04 22:44:18,573 - INFO - Network Status: Connected | Download: None Mbps | Upload: None Mbps | Ping: None ms | WiFi: Up
2025-11-04 22:49:20,302 - INFO - Network Status: Connected | Download: None Mbps | Upload: None Mbps | Ping: None ms | WiFi: Up
2025-11-04 22:54:22,139 - INFO - Network Status: Connected | Download: None Mbps | Upload: None Mbps | Ping: None ms | WiFi: Up
2025-11-04 22:59:23,664 - INFO - Network Status: Connected | Download: None Mbps | Upload: None Mbps | Ping: None ms | WiFi: Up
2025-11-04 23:04:25,887 - INFO - Network Status: Connected | Download: None Mbps | Upload: None Mbps | Ping: None ms | WiFi: Up
2025-11-04 23:09:27,884 - INFO - Network Status: Connected | Download: None Mbps | Upload: None Mbps | Ping: None ms | WiFi: Up
2025-11-04 23:14:29,598 - INFO - Network Status: Connected | Download: None Mbps | Upload: None Mbps | Ping: None ms | WiFi: Up
2025-11-04 23:19:31,160 - INFO - Network Status: Connected | Download: None Mbps | Upload: None Mbps | Ping: None ms | WiFi: Up
2025-11-04 23:24:33,008 - INFO - Network Status: Connected | Download: None Mbps | Upload: None Mbps | Ping: None ms | WiFi: Up
2025-11-04 23:29:57,444 - INFO - Network Status: Connected | Download: 17.01 Mbps | Upload: 2.91 Mbps | Ping: 59.6 ms | WiFi: Up
2025-11-04 23:34:58,870 - INFO - Network Status: Connected | Download: None Mbps | Upload: None Mbps | Ping: None ms | WiFi: Up
2025-11-04 23:40:00,383 - INFO - Network Status: Connected | Download: None Mbps | Upload: None Mbps | Ping: None ms | WiFi: Up
2025-11-04 23:45:02,054 - INFO - Network Status: Connected | Download: None Mbps | Upload: None Mbps | Ping: None ms | WiFi: Up
2025-11-04 23:50:03,784 - INFO - Network Status: Connected | Download: None Mbps | Upload: None Mbps | Ping: None ms | WiFi: Up
2025-11-04 23:55:05,596 - INFO - Network Status: Connected | Download: None Mbps | Upload: None Mbps | Ping: None ms | WiFi: Up
2025-11-05 00:00:07,313 - INFO - Network Status: Connected | Download: None Mbps | Upload: None Mbps | Ping: None ms | WiFi: Up
2025-11-05 00:05:08,796 - INFO - Network Status: Connected | Download: None Mbps | Upload: None Mbps | Ping: None ms | WiFi: Up
2025-11-05 00:10:10,326 - INFO - Network Status: Connected | Download: None Mbps | Upload: None Mbps | Ping: None ms | WiFi: Up
2025-11-05 00:15:12,103 - INFO - Network Status: Connected | Download: None Mbps | Upload: None Mbps | Ping: None ms | WiFi: Up
2025-11-05 00:20:13,401 - INFO - Network Status: Connected | Download: None Mbps | Upload: None Mbps | Ping: None ms | WiFi: Up
2025-11-05 00:25:15,115 - INFO - Network Status: Connected | Download: None Mbps | Upload: None Mbps | Ping: None ms | WiFi: Up
2025-11-05 00:30:41,989 - INFO - Network Status: Connected | Download: 9.4 Mbps | Upload: 2.87 Mbps | Ping: 65.43 ms | WiFi: Up
2025-11-05 00:35:43,906 - INFO - Network Status: Connected | Download: None Mbps | Upload: None Mbps | Ping: None ms | WiFi: Up
2025-11-05 00:40:45,523 - INFO - Network Status: Connected | Download: None Mbps | Upload: None Mbps | Ping: None ms | WiFi: Up
2025-11-05 00:45:46,877 - INFO - Network Status: Connected | Download: None Mbps | Upload: None Mbps | Ping: None ms | WiFi: Up
2025-11-05 00:50:48,146 - INFO - Network Status: Connected | Download: None Mbps | Upload: None Mbps | Ping: None ms | WiFi: Up
2025-11-05 00:55:49,771 - INFO - Network Status: Connected | Download: None Mbps | Upload: None Mbps | Ping: None ms | WiFi: Up
2025-11-05 01:00:51,450 - INFO - Network Status: Connected | Download: None Mbps | Upload: None Mbps | Ping: None ms | WiFi: Up
2025-11-05 01:05:52,897 - INFO - Network Status: Connected | Download: None Mbps | Upload: None Mbps | Ping: None ms | WiFi: Up
2025-11-05 01:10:54,387 - INFO - Network Status: Connected | Download: None Mbps | Upload: None Mbps | Ping: None ms | WiFi: Up
2025-11-05 01:15:56,113 - INFO - Network Status: Connected | Download: None Mbps | Upload: None Mbps | Ping: None ms | WiFi: Up
2025-11-05 01:20:57,963 - INFO - Network Status: Connected | Download: None Mbps | Upload: None Mbps | Ping: None ms | WiFi: Up
2025-11-05 01:25:59,926 - INFO - Network Status: Connected | Download: None Mbps | Upload: None Mbps | Ping: None ms | WiFi: Up
2025-11-05 01:31:24,048 - INFO - Network Status: Connected | Download: 16.27 Mbps | Upload: 3.07 Mbps | Ping: 46.17 ms | WiFi: Up
2025-11-05 01:36:25,523 - INFO - Network Status: Connected | Download: None Mbps | Upload: None Mbps | Ping: None ms | WiFi: Up
2025-11-05 01:41:26,823 - INFO - Network Status: Connected | Download: None Mbps | Upload: None Mbps | Ping: None ms | WiFi: Up
2025-11-05 01:46:29,008 - INFO - Network Status: Connected | Download: None Mbps | Upload: None Mbps | Ping: None ms | WiFi: Up
2025-11-05 01:51:30,837 - INFO - Network Status: Connected | Download: None Mbps | Upload: None Mbps | Ping: None ms | WiFi: Up
2025-11-05 01:56:32,561 - INFO - Network Status: Connected | Download: None Mbps | Upload: None Mbps | Ping: None ms | WiFi: Up
2025-11-05 02:01:33,831 - INFO - Network Status: Connected | Download: None Mbps | Upload: None Mbps | Ping: None ms | WiFi: Up
2025-11-05 02:06:35,150 - INFO - Network Status: Connected | Download: None Mbps | Upload: None Mbps | Ping: None ms | WiFi: Up
2025-11-05 02:11:36,614 - INFO - Network Status: Connected | Download: None Mbps | Upload: None Mbps | Ping: None ms | WiFi: Up
2025-11-05 02:16:38,378 - INFO - Network Status: Connected | Download: None Mbps | Upload: None Mbps | Ping: None ms | WiFi: Up
2025-11-05 02:21:39,719 - INFO - Network Status: Connected | Download: None Mbps | Upload: None Mbps | Ping: None ms | WiFi: Up
2025-11-05 02:26:41,239 - INFO - Network Status: Connected | Download: None Mbps | Upload: None Mbps | Ping: None ms | WiFi: Up
2025-11-05 02:32:05,641 - INFO - Network Status: Connected | Download: 24.2 Mbps | Upload: 3.07 Mbps | Ping: 47.98 ms | WiFi: Up
2025-11-05 02:37:07,229 - INFO - Network Status: Connected | Download: None Mbps | Upload: None Mbps | Ping: None ms | WiFi: Up
2025-11-05 02:42:09,223 - INFO - Network Status: Connected | Download: None Mbps | Upload: None Mbps | Ping: None ms | WiFi: Up
2025-11-05 02:47:10,998 - INFO - Network Status: Connected | Download: None Mbps | Upload: None Mbps | Ping: None ms | WiFi: Up
2025-11-05 02:52:12,482 - INFO - Network Status: Connected | Download: None Mbps | Upload: None Mbps | Ping: None ms | WiFi: Up
2025-11-05 02:57:14,125 - INFO - Network Status: Connected | Download: None Mbps | Upload: None Mbps | Ping: None ms | WiFi: Up
2025-11-05 03:02:15,749 - INFO - Network Status: Connected | Download: None Mbps | Upload: None Mbps | Ping: None ms | WiFi: Up
2025-11-05 03:07:18,187 - INFO - Network Status: Connected | Download: None Mbps | Upload: None Mbps | Ping: None ms | WiFi: Up
2025-11-05 03:12:19,711 - INFO - Network Status: Connected | Download: None Mbps | Upload: None Mbps | Ping: None ms | WiFi: Up
2025-11-05 03:17:21,287 - INFO - Network Status: Connected | Download: None Mbps | Upload: None Mbps | Ping: None ms | WiFi: Up
2025-11-05 03:22:22,995 - INFO - Network Status: Connected | Download: None Mbps | Upload: None Mbps | Ping: None ms | WiFi: Up
2025-11-05 03:27:24,423 - INFO - Network Status: Connected | Download: None Mbps | Upload: None Mbps | Ping: None ms | WiFi: Up
2025-11-05 03:32:48,526 - INFO - Network Status: Connected | Download: 27.44 Mbps | Upload: 3.56 Mbps | Ping: 44.12 ms | WiFi: Up
2025-11-05 03:37:49,977 - INFO - Network Status: Connected | Download: None Mbps | Upload: None Mbps | Ping: None ms | WiFi: Up
2025-11-05 03:42:51,504 - INFO - Network Status: Connected | Download: None Mbps | Upload: None Mbps | Ping: None ms | WiFi: Up
2025-11-05 03:47:53,178 - INFO - Network Status: Connected | Download: None Mbps | Upload: None Mbps | Ping: None ms | WiFi: Up
2025-11-05 03:52:54,744 - INFO - Network Status: Connected | Download: None Mbps | Upload: None Mbps | Ping: None ms | WiFi: Up
2025-11-05 03:57:56,485 - INFO - Network Status: Connected | Download: None Mbps | Upload: None Mbps | Ping: None ms | WiFi: Up
2025-11-05 04:02:58,821 - INFO - Network Status: Connected | Download: None Mbps | Upload: None Mbps | Ping: None ms | WiFi: Up
2025-11-05 04:08:00,310 - INFO - Network Status: Connected | Download: None Mbps | Upload: None Mbps | Ping: None ms | WiFi: Up
2025-11-05 04:13:01,721 - INFO - Network Status: Connected | Download: None Mbps | Upload: None Mbps | Ping: None ms | WiFi: Up
2025-11-05 04:18:03,139 - INFO - Network Status: Connected | Download: None Mbps | Upload: None Mbps | Ping: None ms | WiFi: Up
2025-11-05 04:23:04,866 - INFO - Network Status: Connected | Download: None Mbps | Upload: None Mbps | Ping: None ms | WiFi: Up
2025-11-05 04:28:06,317 - INFO - Network Status: Connected | Download: None Mbps | Upload: None Mbps | Ping: None ms | WiFi: Up
2025-11-05 04:33:30,177 - INFO - Network Status: Connected | Download: 24.28 Mbps | Upload: 3.3 Mbps | Ping: 44.81 ms | WiFi: Up
2025-11-05 04:38:31,964 - INFO - Network Status: Connected | Download: None Mbps | Upload: None Mbps | Ping: None ms | WiFi: Up
2025-11-05 04:43:33,301 - INFO - Network Status: Connected | Download: None Mbps | Upload: None Mbps | Ping: None ms | WiFi: Up
2025-11-05 04:48:35,144 - INFO - Network Status: Connected | Download: None Mbps | Upload: None Mbps | Ping: None ms | WiFi: Up
2025-11-05 04:53:36,669 - INFO - Network Status: Connected | Download: None Mbps | Upload: None Mbps | Ping: None ms | WiFi: Up
2025-11-05 04:58:38,077 - INFO - Network Status: Connected | Download: None Mbps | Upload: None Mbps | Ping: None ms | WiFi: Up
2025-11-05 05:03:39,496 - INFO - Network Status: Connected | Download: None Mbps | Upload: None Mbps | Ping: None ms | WiFi: Up
2025-11-05 05:08:41,289 - INFO - Network Status: Connected | Download: None Mbps | Upload: None Mbps | Ping: None ms | WiFi: Up
2025-11-05 05:13:42,688 - INFO - Network Status: Connected | Download: None Mbps | Upload: None Mbps | Ping: None ms | WiFi: Up
2025-11-05 05:18:44,364 - INFO - Network Status: Connected | Download: None Mbps | Upload: None Mbps | Ping: None ms | WiFi: Up
2025-11-05 05:23:45,860 - INFO - Network Status: Connected | Download: None Mbps | Upload: None Mbps | Ping: None ms | WiFi: Up
2025-11-05 05:28:47,602 - INFO - Network Status: Connected | Download: None Mbps | Upload: None Mbps | Ping: None ms | WiFi: Up
2025-11-05 05:34:12,775 - INFO - Network Status: Connected | Download: 8.81 Mbps | Upload: 3.24 Mbps | Ping: 52.26 ms | WiFi: Up
2025-11-05 05:39:14,575 - INFO - Network Status: Connected | Download: None Mbps | Upload: None Mbps | Ping: None ms | WiFi: Up
2025-11-05 05:44:15,907 - INFO - Network Status: Connected | Download: None Mbps | Upload: None Mbps | Ping: None ms | WiFi: Up
2025-11-05 05:49:17,223 - INFO - Network Status: Connected | Download: None Mbps | Upload: None Mbps | Ping: None ms | WiFi: Up
2025-11-05 05:54:18,779 - INFO - Network Status: Connected | Download: None Mbps | Upload: None Mbps | Ping: None ms | WiFi: Up
2025-11-05 05:59:19,986 - INFO - Network Status: Connected | Download: None Mbps | Upload: None Mbps | Ping: None ms | WiFi: Up
2025-11-05 06:04:21,725 - INFO - Network Status: Connected | Download: None Mbps | Upload: None Mbps | Ping: None ms | WiFi: Up
2025-11-05 06:09:23,549 - INFO - Network Status: Connected | Download: None Mbps | Upload: None Mbps | Ping: None ms | WiFi: Up
2025-11-05 06:14:24,956 - INFO - Network Status: Connected | Download: None Mbps | Upload: None Mbps | Ping: None ms | WiFi: Up
2025-11-05 06:19:26,955 - INFO - Network Status: Connected | Download: None Mbps | Upload: None Mbps | Ping: None ms | WiFi: Up
2025-11-05 06:24:28,475 - INFO - Network Status: Connected | Download: None Mbps | Upload: None Mbps | Ping: None ms | WiFi: Up
2025-11-05 06:29:30,245 - INFO - Network Status: Connected | Download: None Mbps | Upload: None Mbps | Ping: None ms | WiFi: Up
2025-11-05 06:34:53,797 - INFO - Network Status: Connected | Download: 17.34 Mbps | Upload: 3.36 Mbps | Ping: 43.98 ms | WiFi: Up
2025-11-05 06:39:55,513 - INFO - Network Status: Connected | Download: None Mbps | Upload: None Mbps | Ping: None ms | WiFi: Up
2025-11-05 06:44:57,238 - INFO - Network Status: Connected | Download: None Mbps | Upload: None Mbps | Ping: None ms | WiFi: Up
2025-11-05 06:50:04,081 - INFO - Network Status: Connected | Download: None Mbps | Upload: None Mbps | Ping: None ms | WiFi: Up
2025-11-05 06:55:06,054 - INFO - Network Status: Connected | Download: None Mbps | Upload: None Mbps | Ping: None ms | WiFi: Up
2025-11-05 07:00:07,674 - INFO - Network Status: Connected | Download: None Mbps | Upload: None Mbps | Ping: None ms | WiFi: Up
2025-11-05 07:05:09,097 - INFO - Network Status: Connected | Download: None Mbps | Upload: None Mbps | Ping: None ms | WiFi: Up
2025-11-05 07:10:11,045 - INFO - Network Status: Connected | Download: None Mbps | Upload: None Mbps | Ping: None ms | WiFi: Up
2025-11-05 07:15:12,759 - INFO - Network Status: Connected | Download: None Mbps | Upload: None Mbps | Ping: None ms | WiFi: Up
2025-11-05 07:20:14,455 - INFO - Network Status: Connected | Download: None Mbps | Upload: None Mbps | Ping: None ms | WiFi: Up
2025-11-05 07:25:16,881 - INFO - Network Status: Connected | Download: None Mbps | Upload: None Mbps | Ping: None ms | WiFi: Up
2025-11-05 07:30:18,880 - INFO - Network Status: Connected | Download: None Mbps | Upload: None Mbps | Ping: None ms | WiFi: Up
2025-11-05 07:35:42,686 - INFO - Network Status: Connected | Download: 22.26 Mbps | Upload: 3.25 Mbps | Ping: 50.39 ms | WiFi: Up
2025-11-05 07:40:44,536 - INFO - Network Status: Connected | Download: None Mbps | Upload: None Mbps | Ping: None ms | WiFi: Up
2025-11-05 07:45:46,344 - INFO - Network Status: Connected | Download: None Mbps | Upload: None Mbps | Ping: None ms | WiFi: Up
2025-11-05 07:50:48,037 - INFO - Network Status: Connected | Download: None Mbps | Upload: None Mbps | Ping: None ms | WiFi: Up
2025-11-05 07:55:50,537 - INFO - Network Status: Connected | Download: None Mbps | Upload: None Mbps | Ping: None ms | WiFi: Up
2025-11-05 08:00:51,904 - INFO - Network Status: Connected | Download: None Mbps | Upload: None Mbps | Ping: None ms | WiFi: Up
2025-11-05 08:05:54,454 - INFO - Network Status: Connected | Download: None Mbps | Upload: None Mbps | Ping: None ms | WiFi: Up
2025-11-05 08:10:56,284 - INFO - Network Status: Connected | Download: None Mbps | Upload: None Mbps | Ping: None ms | WiFi: Up
2025-11-05 08:15:58,174 - INFO - Network Status: Connected | Download: None Mbps | Upload: None Mbps | Ping: None ms | WiFi: Up
2025-11-05 08:20:59,850 - INFO - Network Status: Connected | Download: None Mbps | Upload: None Mbps | Ping: None ms | WiFi: Up
2025-11-05 08:26:02,065 - INFO - Network Status: Connected | Download: None Mbps | Upload: None Mbps | Ping: None ms | WiFi: Up
2025-11-05 08:31:03,755 - INFO - Network Status: Connected | Download: None Mbps | Upload: None Mbps | Ping: None ms | WiFi: Up
2025-11-05 08:36:27,617 - INFO - Network Status: Connected | Download: 6.93 Mbps | Upload: 2.37 Mbps | Ping: 41.13 ms | WiFi: Up
2025-11-05 08:41:29,427 - INFO - Network Status: Connected | Download: None Mbps | Upload: None Mbps | Ping: None ms | WiFi: Up
2025-11-05 08:46:31,030 - INFO - Network Status: Connected | Download: None Mbps | Upload: None Mbps | Ping: None ms | WiFi: Up
2025-11-05 08:51:33,064 - INFO - Network Status: Connected | Download: None Mbps | Upload: None Mbps | Ping: None ms | WiFi: Up
2025-11-05 08:56:35,748 - INFO - Network Status: Connected | Download: None Mbps | Upload: None Mbps | Ping: None ms | WiFi: Up
2025-11-05 09:01:37,213 - INFO - Network Status: Connected | Download: None Mbps | Upload: None Mbps | Ping: None ms | WiFi: Up
2025-11-05 09:06:38,704 - INFO - Network Status: Connected | Download: None Mbps | Upload: None Mbps | Ping: None ms | WiFi: Up
2025-11-05 09:11:40,401 - INFO - Network Status: Connected | Download: None Mbps | Upload: None Mbps | Ping: None ms | WiFi: Up
2025-11-05 09:16:41,811 - INFO - Network Status: Connected | Download: None Mbps | Upload: None Mbps | Ping: None ms | WiFi: Up
2025-11-05 09:21:43,265 - INFO - Network Status: Connected | Download: None Mbps | Upload: None Mbps | Ping: None ms | WiFi: Up
2025-11-05 09:26:44,730 - INFO - Network Status: Connected | Download: None Mbps | Upload: None Mbps | Ping: None ms | WiFi: Up
2025-11-05 09:31:46,270 - INFO - Network Status: Connected | Download: None Mbps | Upload: None Mbps | Ping: None ms | WiFi: Up
2025-11-05 09:37:10,502 - INFO - Network Status: Connected | Download: 12.71 Mbps | Upload: 2.91 Mbps | Ping: 50.84 ms | WiFi: Up
2025-11-05 09:42:12,080 - INFO - Network Status: Connected | Download: None Mbps | Upload: None Mbps | Ping: None ms | WiFi: Up
2025-11-05 09:47:13,470 - INFO - Network Status: Connected | Download: None Mbps | Upload: None Mbps | Ping: None ms | WiFi: Up
2025-11-05 09:52:15,113 - INFO - Network Status: Connected | Download: None Mbps | Upload: None Mbps | Ping: None ms | WiFi: Up
2025-11-05 09:57:17,105 - INFO - Network Status: Connected | Download: None Mbps | Upload: None Mbps | Ping: None ms | WiFi: Up
2025-11-05 10:02:18,803 - INFO - Network Status: Connected | Download: None Mbps | Upload: None Mbps | Ping: None ms | WiFi: Up
2025-11-05 10:07:20,589 - INFO - Network Status: Connected | Download: None Mbps | Upload: None Mbps | Ping: None ms | WiFi: Up
2025-11-05 10:12:22,445 - INFO - Network Status: Connected | Download: None Mbps | Upload: None Mbps | Ping: None ms | WiFi: Up
2025-11-05 10:17:24,370 - INFO - Network Status: Connected | Download: None Mbps | Upload: None Mbps | Ping: None ms | WiFi: Up
2025-11-05 10:22:26,069 - INFO - Network Status: Connected | Download: None Mbps | Upload: None Mbps | Ping: None ms | WiFi: Up
2025-11-05 10:27:27,482 - INFO - Network Status: Connected | Download: None Mbps | Upload: None Mbps | Ping: None ms | WiFi: Up
2025-11-05 10:32:29,043 - INFO - Network Status: Connected | Download: None Mbps | Upload: None Mbps | Ping: None ms | WiFi: Up
2025-11-05 10:37:54,386 - INFO - Network Status: Connected | Download: 17.32 Mbps | Upload: 1.53 Mbps | Ping: 42.97 ms | WiFi: Up
2025-11-05 10:42:56,065 - INFO - Network Status: Connected | Download: None Mbps | Upload: None Mbps | Ping: None ms | WiFi: Up
2025-11-05 10:47:57,710 - INFO - Network Status: Connected | Download: None Mbps | Upload: None Mbps | Ping: None ms | WiFi: Up
2025-11-05 10:52:59,920 - INFO - Network Status: Connected | Download: None Mbps | Upload: None Mbps | Ping: None ms | WiFi: Up
2025-11-05 10:58:01,453 - INFO - Network Status: Connected | Download: None Mbps | Upload: None Mbps | Ping: None ms | WiFi: Up
2025-11-05 11:03:03,584 - INFO - Network Status: Connected | Download: None Mbps | Upload: None Mbps | Ping: None ms | WiFi: Up
2025-11-05 11:08:05,209 - INFO - Network Status: Connected | Download: None Mbps | Upload: None Mbps | Ping: None ms | WiFi: Up
2025-11-05 11:13:07,030 - INFO - Network Status: Connected | Download: None Mbps | Upload: None Mbps | Ping: None ms | WiFi: Up
2025-11-05 11:18:08,808 - INFO - Network Status: Connected | Download: None Mbps | Upload: None Mbps | Ping: None ms | WiFi: Up
2025-11-05 11:23:10,537 - INFO - Network Status: Connected | Download: None Mbps | Upload: None Mbps | Ping: None ms | WiFi: Up
2025-11-05 11:28:12,457 - INFO - Network Status: Connected | Download: None Mbps | Upload: None Mbps | Ping: None ms | WiFi: Up
2025-11-05 11:33:13,980 - INFO - Network Status: Connected | Download: None Mbps | Upload: None Mbps | Ping: None ms | WiFi: Up
2025-11-05 11:38:37,738 - INFO - Network Status: Connected | Download: 15.91 Mbps | Upload: 3.25 Mbps | Ping: 54.2 ms | WiFi: Up
2025-11-05 11:43:39,168 - INFO - Network Status: Connected | Download: None Mbps | Upload: None Mbps | Ping: None ms | WiFi: Up
2025-11-05 11:48:40,900 - INFO - Network Status: Connected | Download: None Mbps | Upload: None Mbps | Ping: None ms | WiFi: Up
2025-11-05 11:53:43,261 - INFO - Network Status: Connected | Download: None Mbps | Upload: None Mbps | Ping: None ms | WiFi: Up
2025-11-05 11:58:45,416 - INFO - Network Status: Connected | Download: None Mbps | Upload: None Mbps | Ping: None ms | WiFi: Up
2025-11-05 12:03:47,159 - INFO - Network Status: Connected | Download: None Mbps | Upload: None Mbps | Ping: None ms | WiFi: Up
2025-11-05 12:08:49,018 - INFO - Network Status: Connected | Download: None Mbps | Upload: None Mbps | Ping: None ms | WiFi: Up
2025-11-05 12:13:51,723 - INFO - Network Status: Connected | Download: None Mbps | Upload: None Mbps | Ping: None ms | WiFi: Up
2025-11-05 12:18:53,077 - INFO - Network Status: Connected | Download: None Mbps | Upload: None Mbps | Ping: None ms | WiFi: Up
2025-11-05 12:23:54,593 - INFO - Network Status: Connected | Download: None Mbps | Upload: None Mbps | Ping: None ms | WiFi: Up
2025-11-05 12:28:56,291 - INFO - Network Status: Connected | Download: None Mbps | Upload: None Mbps | Ping: None ms | WiFi: Up
2025-11-05 12:33:57,792 - INFO - Network Status: Connected | Download: None Mbps | Upload: None Mbps | Ping: None ms | WiFi: Up
2025-11-05 12:39:21,804 - INFO - Network Status: Connected | Download: 13.59 Mbps | Upload: 2.29 Mbps | Ping: 54.34 ms | WiFi: Up
2025-11-05 12:44:23,591 - INFO - Network Status: Connected | Download: None Mbps | Upload: None Mbps | Ping: None ms | WiFi: Up
2025-11-05 12:49:25,407 - INFO - Network Status: Connected | Download: None Mbps | Upload: None Mbps | Ping: None ms | WiFi: Up
2025-11-05 12:54:27,160 - INFO - Network Status: Connected | Download: None Mbps | Upload: None Mbps | Ping: None ms | WiFi: Up
2025-11-05 12:59:28,928 - INFO - Network Status: Connected | Download: None Mbps | Upload: None Mbps | Ping: None ms | WiFi: Up
2025-11-05 13:04:30,740 - INFO - Network Status: Connected | Download: None Mbps | Upload: None Mbps | Ping: None ms | WiFi: Up
2025-11-05 13:09:32,406 - INFO - Network Status: Connected | Download: None Mbps | Upload: None Mbps | Ping: None ms | WiFi: Up
2025-11-05 13:14:34,642 - INFO - Network Status: Connected | Download: None Mbps | Upload: None Mbps | Ping: None ms | WiFi: Up
2025-11-05 13:19:36,329 - INFO - Network Status: Connected | Download: None Mbps | Upload: None Mbps | Ping: None ms | WiFi: Up
2025-11-05 13:24:37,715 - INFO - Network Status: Connected | Download: None Mbps | Upload: None Mbps | Ping: None ms | WiFi: Up
2025-11-05 13:29:39,220 - INFO - Network Status: Connected | Download: None Mbps | Upload: None Mbps | Ping: None ms | WiFi: Up
2025-11-05 13:34:40,942 - INFO - Network Status: Connected | Download: None Mbps | Upload: None Mbps | Ping: None ms | WiFi: Up
2025-11-05 13:40:05,293 - INFO - Network Status: Connected | Download: 17.72 Mbps | Upload: 2.66 Mbps | Ping: 50.74 ms | WiFi: Up
2025-11-05 13:45:06,902 - INFO - Network Status: Connected | Download: None Mbps | Upload: None Mbps | Ping: None ms | WiFi: Up
2025-11-05 13:50:08,587 - INFO - Network Status: Connected | Download: None Mbps | Upload: None Mbps | Ping: None ms | WiFi: Up
2025-11-05 13:55:10,083 - INFO - Network Status: Connected | Download: None Mbps | Upload: None Mbps | Ping: None ms | WiFi: Up
2025-11-05 14:00:11,460 - INFO - Network Status: Connected | Download: None Mbps | Upload: None Mbps | Ping: None ms | WiFi: Up
2025-11-05 14:05:13,099 - INFO - Network Status: Connected | Download: None Mbps | Upload: None Mbps | Ping: None ms | WiFi: Up
2025-11-05 14:10:14,991 - INFO - Network Status: Connected | Download: None Mbps | Upload: None Mbps | Ping: None ms | WiFi: Up
2025-11-05 14:15:16,445 - INFO - Network Status: Connected | Download: None Mbps | Upload: None Mbps | Ping: None ms | WiFi: Up
2025-11-05 14:20:17,883 - INFO - Network Status: Connected | Download: None Mbps | Upload: None Mbps | Ping: None ms | WiFi: Up
2025-11-05 14:25:20,016 - INFO - Network Status: Connected | Download: None Mbps | Upload: None Mbps | Ping: None ms | WiFi: Up
2025-11-05 14:30:22,134 - INFO - Network Status: Connected | Download: None Mbps | Upload: None Mbps | Ping: None ms | WiFi: Up
2025-11-05 14:35:23,976 - INFO - Network Status: Connected | Download: None Mbps | Upload: None Mbps | Ping: None ms | WiFi: Up
2025-11-05 14:40:47,871 - INFO - Network Status: Connected | Download: 15.86 Mbps | Upload: 8.19 Mbps | Ping: 41.87 ms | WiFi: Up
2025-11-05 14:45:49,380 - INFO - Network Status: Connected | Download: None Mbps | Upload: None Mbps | Ping: None ms | WiFi: Up
2025-11-05 14:50:51,305 - INFO - Network Status: Connected | Download: None Mbps | Upload: None Mbps | Ping: None ms | WiFi: Up
2025-11-05 14:55:52,919 - INFO - Network Status: Connected | Download: None Mbps | Upload: None Mbps | Ping: None ms | WiFi: Up
2025-11-05 15:00:54,386 - INFO - Network Status: Connected | Download: None Mbps | Upload: None Mbps | Ping: None ms | WiFi: Up
2025-11-05 15:05:56,414 - INFO - Network Status: Connected | Download: None Mbps | Upload: None Mbps | Ping: None ms | WiFi: Up
2025-11-05 15:10:58,188 - INFO - Network Status: Connected | Download: None Mbps | Upload: None Mbps | Ping: None ms | WiFi: Up
2025-11-05 15:16:00,268 - INFO - Network Status: Connected | Download: None Mbps | Upload: None Mbps | Ping: None ms | WiFi: Up
2025-11-05 15:21:01,761 - INFO - Network Status: Connected | Download: None Mbps | Upload: None Mbps | Ping: None ms | WiFi: Up
2025-11-05 15:26:03,503 - INFO - Network Status: Connected | Download: None Mbps | Upload: None Mbps | Ping: None ms | WiFi: Up
2025-11-05 15:31:05,271 - INFO - Network Status: Connected | Download: None Mbps | Upload: None Mbps | Ping: None ms | WiFi: Up
2025-11-05 15:36:07,035 - INFO - Network Status: Connected | Download: None Mbps | Upload: None Mbps | Ping: None ms | WiFi: Up
2025-11-05 15:41:33,296 - INFO - Network Status: Connected | Download: 10.15 Mbps | Upload: 12.08 Mbps | Ping: 41.13 ms | WiFi: Up
2025-11-05 15:46:35,236 - INFO - Network Status: Connected | Download: None Mbps | Upload: None Mbps | Ping: None ms | WiFi: Up
2025-11-05 15:51:36,965 - INFO - Network Status: Connected | Download: None Mbps | Upload: None Mbps | Ping: None ms | WiFi: Up
2025-11-05 15:56:38,920 - INFO - Network Status: Connected | Download: None Mbps | Upload: None Mbps | Ping: None ms | WiFi: Up
2025-11-05 16:01:41,110 - INFO - Network Status: Connected | Download: None Mbps | Upload: None Mbps | Ping: None ms | WiFi: Up
2025-11-05 16:06:42,753 - INFO - Network Status: Connected | Download: None Mbps | Upload: None Mbps | Ping: None ms | WiFi: Up
2025-11-05 16:11:44,393 - INFO - Network Status: Connected | Download: None Mbps | Upload: None Mbps | Ping: None ms | WiFi: Up
2025-11-05 16:16:46,905 - INFO - Network Status: Connected | Download: None Mbps | Upload: None Mbps | Ping: None ms | WiFi: Up
2025-11-05 16:21:48,278 - INFO - Network Status: Connected | Download: None Mbps | Upload: None Mbps | Ping: None ms | WiFi: Up
2025-11-05 16:26:49,977 - INFO - Network Status: Connected | Download: None Mbps | Upload: None Mbps | Ping: None ms | WiFi: Up
2025-11-05 16:31:51,644 - INFO - Network Status: Connected | Download: None Mbps | Upload: None Mbps | Ping: None ms | WiFi: Up
2025-11-05 16:36:53,674 - INFO - Network Status: Connected | Download: None Mbps | Upload: None Mbps | Ping: None ms | WiFi: Up
2025-11-05 16:42:18,112 - INFO - Network Status: Connected | Download: 12.21 Mbps | Upload: 11.27 Mbps | Ping: 45.42 ms | WiFi: Up
2025-11-05 16:47:19,662 - INFO - Network Status: Connected | Download: None Mbps | Upload: None Mbps | Ping: None ms | WiFi: Up
2025-11-05 16:52:21,024 - INFO - Network Status: Connected | Download: None Mbps | Upload: None Mbps | Ping: None ms | WiFi: Up
2025-11-05 16:57:22,864 - INFO - Network Status: Connected | Download: None Mbps | Upload: None Mbps | Ping: None ms | WiFi: Up
2025-11-05 17:02:24,300 - INFO - Network Status: Connected | Download: None Mbps | Upload: None Mbps | Ping: None ms | WiFi: Up
2025-11-05 17:07:26,360 - INFO - Network Status: Connected | Download: None Mbps | Upload: None Mbps | Ping: None ms | WiFi: Up
2025-11-05 17:12:28,455 - INFO - Network Status: Connected | Download: None Mbps | Upload: None Mbps | Ping: None ms | WiFi: Up
2025-11-05 17:17:30,035 - INFO - Network Status: Connected | Download: None Mbps | Upload: None Mbps | Ping: None ms | WiFi: Up
2025-11-05 17:22:31,697 - INFO - Network Status: Connected | Download: None Mbps | Upload: None Mbps | Ping: None ms | WiFi: Up
2025-11-05 17:27:33,554 - INFO - Network Status: Connected | Download: None Mbps | Upload: None Mbps | Ping: None ms | WiFi: Up
2025-11-05 17:32:35,360 - INFO - Network Status: Connected | Download: None Mbps | Upload: None Mbps | Ping: None ms | WiFi: Up
2025-11-05 17:37:37,702 - INFO - Network Status: Connected | Download: None Mbps | Upload: None Mbps | Ping: None ms | WiFi: Up
2025-11-05 17:43:01,703 - INFO - Network Status: Connected | Download: 10.69 Mbps | Upload: 12.03 Mbps | Ping: 47.92 ms | WiFi: Up
2025-11-05 17:48:03,166 - INFO - Network Status: Connected | Download: None Mbps | Upload: None Mbps | Ping: None ms | WiFi: Up
2025-11-05 17:53:04,614 - INFO - Network Status: Connected | Download: None Mbps | Upload: None Mbps | Ping: None ms | WiFi: Up
2025-11-05 17:58:06,610 - INFO - Network Status: Connected | Download: None Mbps | Upload: None Mbps | Ping: None ms | WiFi: Up
2025-11-05 18:03:08,756 - INFO - Network Status: Connected | Download: None Mbps | Upload: None Mbps | Ping: None ms | WiFi: Up
2025-11-05 18:08:10,505 - INFO - Network Status: Connected | Download: None Mbps | Upload: None Mbps | Ping: None ms | WiFi: Up
2025-11-05 18:13:12,006 - INFO - Network Status: Connected | Download: None Mbps | Upload: None Mbps | Ping: None ms | WiFi: Up
2025-11-05 18:18:13,810 - INFO - Network Status: Connected | Download: None Mbps | Upload: None Mbps | Ping: None ms | WiFi: Up
2025-11-05 18:23:15,451 - INFO - Network Status: Connected | Download: None Mbps | Upload: None Mbps | Ping: None ms | WiFi: Up
2025-11-05 18:28:16,886 - INFO - Network Status: Connected | Download: None Mbps | Upload: None Mbps | Ping: None ms | WiFi: Up
2025-11-05 18:33:18,770 - INFO - Network Status: Connected | Download: None Mbps | Upload: None Mbps | Ping: None ms | WiFi: Up
2025-11-05 18:38:20,481 - INFO - Network Status: Connected | Download: None Mbps | Upload: None Mbps | Ping: None ms | WiFi: Up
2025-11-05 18:43:45,240 - INFO - Network Status: Connected | Download: 16.91 Mbps | Upload: 12.8 Mbps | Ping: 65.07 ms | WiFi: Up
2025-11-05 18:48:46,847 - INFO - Network Status: Connected | Download: None Mbps | Upload: None Mbps | Ping: None ms | WiFi: Up
2025-11-05 18:53:48,348 - INFO - Network Status: Connected | Download: None Mbps | Upload: None Mbps | Ping: None ms | WiFi: Up
2025-11-05 18:58:49,974 - INFO - Network Status: Connected | Download: None Mbps | Upload: None Mbps | Ping: None ms | WiFi: Up
2025-11-05 19:03:51,402 - INFO - Network Status: Connected | Download: None Mbps | Upload: None Mbps | Ping: None ms | WiFi: Up
2025-11-05 19:08:53,297 - INFO - Network Status: Connected | Download: None Mbps | Upload: None Mbps | Ping: None ms | WiFi: Up
2025-11-05 19:13:54,904 - INFO - Network Status: Connected | Download: None Mbps | Upload: None Mbps | Ping: None ms | WiFi: Up
2025-11-05 19:18:58,050 - INFO - Network Status: Connected | Download: None Mbps | Upload: None Mbps | Ping: None ms | WiFi: Up
2025-11-05 19:24:00,465 - INFO - Network Status: Connected | Download: None Mbps | Upload: None Mbps | Ping: None ms | WiFi: Up
2025-11-05 19:29:02,197 - INFO - Network Status: Connected | Download: None Mbps | Upload: None Mbps | Ping: None ms | WiFi: Up
2025-11-05 19:34:04,195 - INFO - Network Status: Connected | Download: None Mbps | Upload: None Mbps | Ping: None ms | WiFi: Up
2025-11-05 19:39:06,116 - INFO - Network Status: Connected | Download: None Mbps | Upload: None Mbps | Ping: None ms | WiFi: Up
2025-11-05 19:44:30,223 - INFO - Network Status: Connected | Download: 18.69 Mbps | Upload: 11.14 Mbps | Ping: 46.62 ms | WiFi: Up
2025-11-05 19:49:32,284 - INFO - Network Status: Connected | Download: None Mbps | Upload: None Mbps | Ping: None ms | WiFi: Up
2025-11-05 19:54:33,978 - INFO - Network Status: Connected | Download: None Mbps | Upload: None Mbps | Ping: None ms | WiFi: Up
2025-11-05 19:59:36,603 - INFO - Network Status: Connected | Download: None Mbps | Upload: None Mbps | Ping: None ms | WiFi: Up
2025-11-05 20:04:38,490 - INFO - Network Status: Connected | Download: None Mbps | Upload: None Mbps | Ping: None ms | WiFi: Up
2025-11-05 20:09:40,204 - INFO - Network Status: Connected | Download: None Mbps | Upload: None Mbps | Ping: None ms | WiFi: Up
2025-11-05 20:14:42,190 - INFO - Network Status: Connected | Download: None Mbps | Upload: None Mbps | Ping: None ms | WiFi: Up
2025-11-05 20:19:43,456 - INFO - Network Status: Connected | Download: None Mbps | Upload: None Mbps | Ping: None ms | WiFi: Up
2025-11-05 20:24:46,061 - INFO - Network Status: Connected | Download: None Mbps | Upload: None Mbps | Ping: None ms | WiFi: Up
2025-11-05 20:29:47,553 - INFO - Network Status: Connected | Download: None Mbps | Upload: None Mbps | Ping: None ms | WiFi: Up
2025-11-05 20:34:49,147 - INFO - Network Status: Connected | Download: None Mbps | Upload: None Mbps | Ping: None ms | WiFi: Up
2025-11-05 20:39:50,672 - INFO - Network Status: Connected | Download: None Mbps | Upload: None Mbps | Ping: None ms | WiFi: Up
2025-11-05 20:45:16,432 - INFO - Network Status: Connected | Download: 9.09 Mbps | Upload: 3.63 Mbps | Ping: 85.21 ms | WiFi: Up
2025-11-05 20:50:18,264 - INFO - Network Status: Connected | Download: None Mbps | Upload: None Mbps | Ping: None ms | WiFi: Up
2025-11-05 20:55:19,633 - INFO - Network Status: Connected | Download: None Mbps | Upload: None Mbps | Ping: None ms | WiFi: Up
2025-11-05 21:00:21,025 - INFO - Network Status: Connected | Download: None Mbps | Upload: None Mbps | Ping: None ms | WiFi: Up
2025-11-05 21:05:22,549 - INFO - Network Status: Connected | Download: None Mbps | Upload: None Mbps | Ping: None ms | WiFi: Up
2025-11-05 21:10:24,118 - INFO - Network Status: Connected | Download: None Mbps | Upload: None Mbps | Ping: None ms | WiFi: Up
2025-11-05 21:15:25,746 - INFO - Network Status: Connected | Download: None Mbps | Upload: None Mbps | Ping: None ms | WiFi: Up
2025-11-05 21:20:27,478 - INFO - Network Status: Connected | Download: None Mbps | Upload: None Mbps | Ping: None ms | WiFi: Up
2025-11-05 21:25:29,465 - INFO - Network Status: Connected | Download: None Mbps | Upload: None Mbps | Ping: None ms | WiFi: Up
2025-11-05 21:30:31,081 - INFO - Network Status: Connected | Download: None Mbps | Upload: None Mbps | Ping: None ms | WiFi: Up
2025-11-05 21:35:32,859 - INFO - Network Status: Connected | Download: None Mbps | Upload: None Mbps | Ping: None ms | WiFi: Up
2025-11-05 21:40:35,266 - INFO - Network Status: Connected | Download: None Mbps | Upload: None Mbps | Ping: None ms | WiFi: Up
2025-11-05 21:45:59,015 - INFO - Network Status: Connected | Download: 21.11 Mbps | Upload: 13.76 Mbps | Ping: 35.59 ms | WiFi: Up
2025-11-05 21:51:00,505 - INFO - Network Status: Connected | Download: None Mbps | Upload: None Mbps | Ping: None ms | WiFi: Up
2025-11-05 21:56:02,168 - INFO - Network Status: Connected | Download: None Mbps | Upload: None Mbps | Ping: None ms | WiFi: Up
2025-11-05 22:01:04,506 - INFO - Network Status: Connected | Download: None Mbps | Upload: None Mbps | Ping: None ms | WiFi: Up
2025-11-05 22:06:05,979 - INFO - Network Status: Connected | Download: None Mbps | Upload: None Mbps | Ping: None ms | WiFi: Up
2025-11-05 22:11:07,431 - INFO - Network Status: Connected | Download: None Mbps | Upload: None Mbps | Ping: None ms | WiFi: Up
2025-11-05 22:16:08,816 - INFO - Network Status: Connected | Download: None Mbps | Upload: None Mbps | Ping: None ms | WiFi: Up
2025-11-05 22:21:10,327 - INFO - Network Status: Connected | Download: None Mbps | Upload: None Mbps | Ping: None ms | WiFi: Up
2025-11-05 22:26:12,063 - INFO - Network Status: Connected | Download: None Mbps | Upload: None Mbps | Ping: None ms | WiFi: Up
2025-11-05 22:31:14,039 - INFO - Network Status: Connected | Download: None Mbps | Upload: None Mbps | Ping: None ms | WiFi: Up
2025-11-05 22:36:15,563 - INFO - Network Status: Connected | Download: None Mbps | Upload: None Mbps | Ping: None ms | WiFi: Up
2025-11-05 22:41:17,074 - INFO - Network Status: Connected | Download: None Mbps | Upload: None Mbps | Ping: None ms | WiFi: Up
2025-11-05 22:46:40,807 - INFO - Network Status: Connected | Download: 7.72 Mbps | Upload: 13.66 Mbps | Ping: 36.78 ms | WiFi: Up
2025-11-05 22:51:42,353 - INFO - Network Status: Connected | Download: None Mbps | Upload: None Mbps | Ping: None ms | WiFi: Up
2025-11-05 22:56:44,081 - INFO - Network Status: Connected | Download: None Mbps | Upload: None Mbps | Ping: None ms | WiFi: Up
2025-11-05 23:01:45,991 - INFO - Network Status: Connected | Download: None Mbps | Upload: None Mbps | Ping: None ms | WiFi: Up
2025-11-05 23:06:47,675 - INFO - Network Status: Connected | Download: None Mbps | Upload: None Mbps | Ping: None ms | WiFi: Up
2025-11-05 23:11:49,739 - INFO - Network Status: Connected | Download: None Mbps | Upload: None Mbps | Ping: None ms | WiFi: Up
2025-11-05 23:16:51,053 - INFO - Network Status: Connected | Download: None Mbps | Upload: None Mbps | Ping: None ms | WiFi: Up
2025-11-05 23:21:52,617 - INFO - Network Status: Connected | Download: None Mbps | Upload: None Mbps | Ping: None ms | WiFi: Up
2025-11-05 23:26:53,989 - INFO - Network Status: Connected | Download: None Mbps | Upload: None Mbps | Ping: None ms | WiFi: Up
2025-11-05 23:31:55,218 - INFO - Network Status: Connected | Download: None Mbps | Upload: None Mbps | Ping: None ms | WiFi: Up
2025-11-05 23:36:56,758 - INFO - Network Status: Connected | Download: None Mbps | Upload: None Mbps | Ping: None ms | WiFi: Up
2025-11-05 23:41:58,424 - INFO - Network Status: Connected | Download: None Mbps | Upload: None Mbps | Ping: None ms | WiFi: Up
2025-11-05 23:47:23,199 - INFO - Network Status: Connected | Download: 19.48 Mbps | Upload: 8.14 Mbps | Ping: 66.76 ms | WiFi: Up
2025-11-05 23:52:24,642 - INFO - Network Status: Connected | Download: None Mbps | Upload: None Mbps | Ping: None ms | WiFi: Up
2025-11-05 23:57:26,331 - INFO - Network Status: Connected | Download: None Mbps | Upload: None Mbps | Ping: None ms | WiFi: Up
2025-11-06 00:02:27,799 - INFO - Network Status: Connected | Download: None Mbps | Upload: None Mbps | Ping: None ms | WiFi: Up
2025-11-06 00:07:29,115 - INFO - Network Status: Connected | Download: None Mbps | Upload: None Mbps | Ping: None ms | WiFi: Up
2025-11-06 00:12:30,325 - INFO - Network Status: Connected | Download: None Mbps | Upload: None Mbps | Ping: None ms | WiFi: Up
2025-11-06 00:17:31,564 - INFO - Network Status: Connected | Download: None Mbps | Upload: None Mbps | Ping: None ms | WiFi: Up
2025-11-06 00:22:33,216 - INFO - Network Status: Connected | Download: None Mbps | Upload: None Mbps | Ping: None ms | WiFi: Up
2025-11-06 00:27:34,676 - INFO - Network Status: Connected | Download: None Mbps | Upload: None Mbps | Ping: None ms | WiFi: Up
2025-11-06 00:32:36,109 - INFO - Network Status: Connected | Download: None Mbps | Upload: None Mbps | Ping: None ms | WiFi: Up
2025-11-06 00:37:37,408 - INFO - Network Status: Connected | Download: None Mbps | Upload: None Mbps | Ping: None ms | WiFi: Up
2025-11-06 00:42:39,189 - INFO - Network Status: Connected | Download: None Mbps | Upload: None Mbps | Ping: None ms | WiFi: Up
2025-11-06 00:48:03,994 - INFO - Network Status: Connected | Download: 15.41 Mbps | Upload: 13.11 Mbps | Ping: 68.61 ms | WiFi: Up
2025-11-06 00:53:05,800 - INFO - Network Status: Connected | Download: None Mbps | Upload: None Mbps | Ping: None ms | WiFi: Up
2025-11-06 00:58:07,048 - INFO - Network Status: Connected | Download: None Mbps | Upload: None Mbps | Ping: None ms | WiFi: Up
2025-11-06 01:03:08,324 - INFO - Network Status: Connected | Download: None Mbps | Upload: None Mbps | Ping: None ms | WiFi: Up
2025-11-06 01:08:10,158 - INFO - Network Status: Connected | Download: None Mbps | Upload: None Mbps | Ping: None ms | WiFi: Up
2025-11-06 01:13:11,911 - INFO - Network Status: Connected | Download: None Mbps | Upload: None Mbps | Ping: None ms | WiFi: Up
2025-11-06 01:18:13,763 - INFO - Network Status: Connected | Download: None Mbps | Upload: None Mbps | Ping: None ms | WiFi: Up
2025-11-06 01:23:15,120 - INFO - Network Status: Connected | Download: None Mbps | Upload: None Mbps | Ping: None ms | WiFi: Up
2025-11-06 01:28:16,586 - INFO - Network Status: Connected | Download: None Mbps | Upload: None Mbps | Ping: None ms | WiFi: Up
2025-11-06 01:33:18,048 - INFO - Network Status: Connected | Download: None Mbps | Upload: None Mbps | Ping: None ms | WiFi: Up
2025-11-06 01:38:19,333 - INFO - Network Status: Connected | Download: None Mbps | Upload: None Mbps | Ping: None ms | WiFi: Up
2025-11-06 01:43:20,998 - INFO - Network Status: Connected | Download: None Mbps | Upload: None Mbps | Ping: None ms | WiFi: Up
2025-11-06 01:48:44,179 - INFO - Network Status: Connected | Download: 25.26 Mbps | Upload: 15.05 Mbps | Ping: 43.48 ms | WiFi: Up
2025-11-06 01:53:45,506 - INFO - Network Status: Connected | Download: None Mbps | Upload: None Mbps | Ping: None ms | WiFi: Up
2025-11-06 01:58:46,992 - INFO - Network Status: Connected | Download: None Mbps | Upload: None Mbps | Ping: None ms | WiFi: Up
2025-11-06 02:03:48,445 - INFO - Network Status: Connected | Download: None Mbps | Upload: None Mbps | Ping: None ms | WiFi: Up
2025-11-06 02:08:49,837 - INFO - Network Status: Connected | Download: None Mbps | Upload: None Mbps | Ping: None ms | WiFi: Up
2025-11-06 02:13:51,184 - INFO - Network Status: Connected | Download: None Mbps | Upload: None Mbps | Ping: None ms | WiFi: Up
2025-11-06 02:18:52,475 - INFO - Network Status: Connected | Download: None Mbps | Upload: None Mbps | Ping: None ms | WiFi: Up
2025-11-06 02:23:53,819 - INFO - Network Status: Connected | Download: None Mbps | Upload: None Mbps | Ping: None ms | WiFi: Up
2025-11-06 02:28:56,228 - INFO - Network Status: Connected | Download: None Mbps | Upload: None Mbps | Ping: None ms | WiFi: Up
2025-11-06 02:33:57,972 - INFO - Network Status: Connected | Download: None Mbps | Upload: None Mbps | Ping: None ms | WiFi: Up
2025-11-06 02:38:59,747 - INFO - Network Status: Connected | Download: None Mbps | Upload: None Mbps | Ping: None ms | WiFi: Up
2025-11-06 02:44:01,513 - INFO - Network Status: Connected | Download: None Mbps | Upload: None Mbps | Ping: None ms | WiFi: Up
2025-11-06 02:49:25,074 - INFO - Network Status: Connected | Download: 7.26 Mbps | Upload: 9.57 Mbps | Ping: 43.98 ms | WiFi: Up
2025-11-06 02:54:26,477 - INFO - Network Status: Connected | Download: None Mbps | Upload: None Mbps | Ping: None ms | WiFi: Up
2025-11-06 02:59:27,957 - INFO - Network Status: Connected | Download: None Mbps | Upload: None Mbps | Ping: None ms | WiFi: Up
2025-11-06 03:04:29,523 - INFO - Network Status: Connected | Download: None Mbps | Upload: None Mbps | Ping: None ms | WiFi: Up
2025-11-06 03:09:31,072 - INFO - Network Status: Connected | Download: None Mbps | Upload: None Mbps | Ping: None ms | WiFi: Up
2025-11-06 03:14:32,285 - INFO - Network Status: Connected | Download: None Mbps | Upload: None Mbps | Ping: None ms | WiFi: Up
2025-11-06 03:19:33,705 - INFO - Network Status: Connected | Download: None Mbps | Upload: None Mbps | Ping: None ms | WiFi: Up
2025-11-06 03:24:35,132 - INFO - Network Status: Connected | Download: None Mbps | Upload: None Mbps | Ping: None ms | WiFi: Up
2025-11-06 03:29:36,583 - INFO - Network Status: Connected | Download: None Mbps | Upload: None Mbps | Ping: None ms | WiFi: Up
2025-11-06 03:34:38,012 - INFO - Network Status: Connected | Download: None Mbps | Upload: None Mbps | Ping: None ms | WiFi: Up
2025-11-06 03:39:39,487 - INFO - Network Status: Connected | Download: None Mbps | Upload: None Mbps | Ping: None ms | WiFi: Up
2025-11-06 03:44:40,752 - INFO - Network Status: Connected | Download: None Mbps | Upload: None Mbps | Ping: None ms | WiFi: Up
2025-11-06 03:50:04,460 - INFO - Network Status: Connected | Download: 17.98 Mbps | Upload: 8.34 Mbps | Ping: 39.25 ms | WiFi: Up
2025-11-06 03:55:05,842 - INFO - Network Status: Connected | Download: None Mbps | Upload: None Mbps | Ping: None ms | WiFi: Up
2025-11-06 04:00:07,153 - INFO - Network Status: Connected | Download: None Mbps | Upload: None Mbps | Ping: None ms | WiFi: Up
2025-11-06 04:05:08,888 - INFO - Network Status: Connected | Download: None Mbps | Upload: None Mbps | Ping: None ms | WiFi: Up
2025-11-06 04:10:10,542 - INFO - Network Status: Connected | Download: None Mbps | Upload: None Mbps | Ping: None ms | WiFi: Up
2025-11-06 04:15:12,001 - INFO - Network Status: Connected | Download: None Mbps | Upload: None Mbps | Ping: None ms | WiFi: Up
2025-11-06 04:20:13,270 - INFO - Network Status: Connected | Download: None Mbps | Upload: None Mbps | Ping: None ms | WiFi: Up
2025-11-06 04:25:15,014 - INFO - Network Status: Connected | Download: None Mbps | Upload: None Mbps | Ping: None ms | WiFi: Up
2025-11-06 04:30:16,935 - INFO - Network Status: Connected | Download: None Mbps | Upload: None Mbps | Ping: None ms | WiFi: Up
2025-11-06 04:35:18,165 - INFO - Network Status: Connected | Download: None Mbps | Upload: None Mbps | Ping: None ms | WiFi: Up
2025-11-06 04:40:19,527 - INFO - Network Status: Connected | Download: None Mbps | Upload: None Mbps | Ping: None ms | WiFi: Up
2025-11-06 04:45:20,744 - INFO - Network Status: Connected | Download: None Mbps | Upload: None Mbps | Ping: None ms | WiFi: Up
2025-11-06 04:50:44,278 - INFO - Network Status: Connected | Download: 20.22 Mbps | Upload: 13.07 Mbps | Ping: 42.5 ms | WiFi: Up
2025-11-06 04:55:45,625 - INFO - Network Status: Connected | Download: None Mbps | Upload: None Mbps | Ping: None ms | WiFi: Up
2025-11-06 05:00:47,314 - INFO - Network Status: Connected | Download: None Mbps | Upload: None Mbps | Ping: None ms | WiFi: Up
2025-11-06 05:05:48,686 - INFO - Network Status: Connected | Download: None Mbps | Upload: None Mbps | Ping: None ms | WiFi: Up
2025-11-06 05:10:49,950 - INFO - Network Status: Connected | Download: None Mbps | Upload: None Mbps | Ping: None ms | WiFi: Up
2025-11-06 05:15:51,659 - INFO - Network Status: Connected | Download: None Mbps | Upload: None Mbps | Ping: None ms | WiFi: Up
2025-11-06 05:20:53,458 - INFO - Network Status: Connected | Download: None Mbps | Upload: None Mbps | Ping: None ms | WiFi: Up
2025-11-06 05:25:55,258 - INFO - Network Status: Connected | Download: None Mbps | Upload: None Mbps | Ping: None ms | WiFi: Up
2025-11-06 05:30:57,048 - INFO - Network Status: Connected | Download: None Mbps | Upload: None Mbps | Ping: None ms | WiFi: Up
2025-11-06 05:35:58,665 - INFO - Network Status: Connected | Download: None Mbps | Upload: None Mbps | Ping: None ms | WiFi: Up
2025-11-06 05:41:00,003 - INFO - Network Status: Connected | Download: None Mbps | Upload: None Mbps | Ping: None ms | WiFi: Up
2025-11-06 05:46:01,320 - INFO - Network Status: Connected | Download: None Mbps | Upload: None Mbps | Ping: None ms | WiFi: Up
2025-11-06 05:51:24,738 - INFO - Network Status: Connected | Download: 26.12 Mbps | Upload: 12.77 Mbps | Ping: 45.6 ms | WiFi: Up
2025-11-06 05:56:31,594 - INFO - Network Status: Connected | Download: None Mbps | Upload: None Mbps | Ping: None ms | WiFi: Up
2025-11-06 06:01:33,373 - INFO - Network Status: Connected | Download: None Mbps | Upload: None Mbps | Ping: None ms | WiFi: Up
2025-11-06 06:06:34,716 - INFO - Network Status: Connected | Download: None Mbps | Upload: None Mbps | Ping: None ms | WiFi: Up
2025-11-06 06:11:36,403 - INFO - Network Status: Connected | Download: None Mbps | Upload: None Mbps | Ping: None ms | WiFi: Up
2025-11-06 06:16:38,065 - INFO - Network Status: Connected | Download: None Mbps | Upload: None Mbps | Ping: None ms | WiFi: Up
2025-11-06 06:21:39,627 - INFO - Network Status: Connected | Download: None Mbps | Upload: None Mbps | Ping: None ms | WiFi: Up
2025-11-06 06:26:40,937 - INFO - Network Status: Connected | Download: None Mbps | Upload: None Mbps | Ping: None ms | WiFi: Up
2025-11-06 06:31:42,247 - INFO - Network Status: Connected | Download: None Mbps | Upload: None Mbps | Ping: None ms | WiFi: Up
2025-11-06 06:36:44,058 - INFO - Network Status: Connected | Download: None Mbps | Upload: None Mbps | Ping: None ms | WiFi: Up
2025-11-06 06:41:45,551 - INFO - Network Status: Connected | Download: None Mbps | Upload: None Mbps | Ping: None ms | WiFi: Up
2025-11-06 06:46:47,432 - INFO - Network Status: Connected | Download: None Mbps | Upload: None Mbps | Ping: None ms | WiFi: Up
2025-11-06 06:52:11,106 - INFO - Network Status: Connected | Download: 18.63 Mbps | Upload: 13.85 Mbps | Ping: 39.75 ms | WiFi: Up
2025-11-06 06:57:12,615 - INFO - Network Status: Connected | Download: None Mbps | Upload: None Mbps | Ping: None ms | WiFi: Up
2025-11-06 07:02:14,423 - INFO - Network Status: Connected | Download: None Mbps | Upload: None Mbps | Ping: None ms | WiFi: Up
2025-11-06 07:07:15,852 - INFO - Network Status: Connected | Download: None Mbps | Upload: None Mbps | Ping: None ms | WiFi: Up
2025-11-06 07:12:17,282 - INFO - Network Status: Connected | Download: None Mbps | Upload: None Mbps | Ping: None ms | WiFi: Up
2025-11-06 07:17:19,006 - INFO - Network Status: Connected | Download: None Mbps | Upload: None Mbps | Ping: None ms | WiFi: Up
2025-11-06 07:22:21,190 - INFO - Network Status: Connected | Download: None Mbps | Upload: None Mbps | Ping: None ms | WiFi: Up
2025-11-06 07:27:22,872 - INFO - Network Status: Connected | Download: None Mbps | Upload: None Mbps | Ping: None ms | WiFi: Up
2025-11-06 07:32:24,311 - INFO - Network Status: Connected | Download: None Mbps | Upload: None Mbps | Ping: None ms | WiFi: Up
2025-11-06 07:37:25,739 - INFO - Network Status: Connected | Download: None Mbps | Upload: None Mbps | Ping: None ms | WiFi: Up
2025-11-06 07:42:27,209 - INFO - Network Status: Connected | Download: None Mbps | Upload: None Mbps | Ping: None ms | WiFi: Up
2025-11-06 07:47:28,869 - INFO - Network Status: Connected | Download: None Mbps | Upload: None Mbps | Ping: None ms | WiFi: Up
2025-11-06 07:52:52,676 - INFO - Network Status: Connected | Download: 21.1 Mbps | Upload: 12.78 Mbps | Ping: 43.77 ms | WiFi: Up
2025-11-06 07:57:54,816 - INFO - Network Status: Connected | Download: None Mbps | Upload: None Mbps | Ping: None ms | WiFi: Up
2025-11-06 08:02:56,556 - INFO - Network Status: Connected | Download: None Mbps | Upload: None Mbps | Ping: None ms | WiFi: Up
2025-11-06 08:07:58,329 - INFO - Network Status: Connected | Download: None Mbps | Upload: None Mbps | Ping: None ms | WiFi: Up
2025-11-06 08:12:59,755 - INFO - Network Status: Connected | Download: None Mbps | Upload: None Mbps | Ping: None ms | WiFi: Up
2025-11-06 08:18:01,224 - INFO - Network Status: Connected | Download: None Mbps | Upload: None Mbps | Ping: None ms | WiFi: Up
2025-11-06 08:23:02,776 - INFO - Network Status: Connected | Download: None Mbps | Upload: None Mbps | Ping: None ms | WiFi: Up
2025-11-06 08:28:03,946 - INFO - Network Status: Connected | Download: None Mbps | Upload: None Mbps | Ping: None ms | WiFi: Up
2025-11-06 08:33:05,756 - INFO - Network Status: Connected | Download: None Mbps | Upload: None Mbps | Ping: None ms | WiFi: Up
2025-11-06 08:38:07,360 - INFO - Network Status: Connected | Download: None Mbps | Upload: None Mbps | Ping: None ms | WiFi: Up
2025-11-06 08:43:08,413 - INFO - Network Status: Connected | Download: None Mbps | Upload: None Mbps | Ping: None ms | WiFi: Up
2025-11-06 08:48:09,873 - INFO - Network Status: Connected | Download: None Mbps | Upload: None Mbps | Ping: None ms | WiFi: Up
2025-11-06 08:53:33,567 - INFO - Network Status: Connected | Download: 13.47 Mbps | Upload: 17.17 Mbps | Ping: 34.86 ms | WiFi: Up
2025-11-06 08:58:35,207 - INFO - Network Status: Connected | Download: None Mbps | Upload: None Mbps | Ping: None ms | WiFi: Up
2025-11-06 09:03:36,879 - INFO - Network Status: Connected | Download: None Mbps | Upload: None Mbps | Ping: None ms | WiFi: Up
2025-11-06 09:08:38,414 - INFO - Network Status: Connected | Download: None Mbps | Upload: None Mbps | Ping: None ms | WiFi: Up
2025-11-06 09:13:39,749 - INFO - Network Status: Connected | Download: None Mbps | Upload: None Mbps | Ping: None ms | WiFi: Up
2025-11-06 09:18:41,542 - INFO - Network Status: Connected | Download: None Mbps | Upload: None Mbps | Ping: None ms | WiFi: Up
2025-11-06 09:23:42,714 - INFO - Network Status: Connected | Download: None Mbps | Upload: None Mbps | Ping: None ms | WiFi: Up
2025-11-06 09:28:44,398 - INFO - Network Status: Connected | Download: None Mbps | Upload: None Mbps | Ping: None ms | WiFi: Up
2025-11-06 09:33:45,835 - INFO - Network Status: Connected | Download: None Mbps | Upload: None Mbps | Ping: None ms | WiFi: Up
2025-11-06 09:38:48,253 - INFO - Network Status: Connected | Download: None Mbps | Upload: None Mbps | Ping: None ms | WiFi: Up
2025-11-06 09:43:49,676 - INFO - Network Status: Connected | Download: None Mbps | Upload: None Mbps | Ping: None ms | WiFi: Up
2025-11-06 09:48:51,449 - INFO - Network Status: Connected | Download: None Mbps | Upload: None Mbps | Ping: None ms | WiFi: Up
2025-11-06 09:54:14,828 - INFO - Network Status: Connected | Download: 17.33 Mbps | Upload: 17.14 Mbps | Ping: 35.3 ms | WiFi: Up
2025-11-06 09:59:16,488 - INFO - Network Status: Connected | Download: None Mbps | Upload: None Mbps | Ping: None ms | WiFi: Up
2025-11-06 10:04:18,175 - INFO - Network Status: Connected | Download: None Mbps | Upload: None Mbps | Ping: None ms | WiFi: Up
2025-11-06 10:09:20,013 - INFO - Network Status: Connected | Download: None Mbps | Upload: None Mbps | Ping: None ms | WiFi: Up
2025-11-06 10:14:21,793 - INFO - Network Status: Connected | Download: None Mbps | Upload: None Mbps | Ping: None ms | WiFi: Up
2025-11-06 10:19:23,518 - INFO - Network Status: Connected | Download: None Mbps | Upload: None Mbps | Ping: None ms | WiFi: Up
2025-11-06 10:24:25,013 - INFO - Network Status: Connected | Download: None Mbps | Upload: None Mbps | Ping: None ms | WiFi: Up
2025-11-06 10:29:26,694 - INFO - Network Status: Connected | Download: None Mbps | Upload: None Mbps | Ping: None ms | WiFi: Up
2025-11-06 10:34:28,243 - INFO - Network Status: Connected | Download: None Mbps | Upload: None Mbps | Ping: None ms | WiFi: Up
2025-11-06 10:39:30,171 - INFO - Network Status: Connected | Download: None Mbps | Upload: None Mbps | Ping: None ms | WiFi: Up
2025-11-06 10:44:32,001 - INFO - Network Status: Connected | Download: None Mbps | Upload: None Mbps | Ping: None ms | WiFi: Up
2025-11-06 10:49:33,188 - INFO - Network Status: Connected | Download: None Mbps | Upload: None Mbps | Ping: None ms | WiFi: Up
2025-11-06 10:54:56,340 - INFO - Network Status: Connected | Download: 21.27 Mbps | Upload: 17.11 Mbps | Ping: 36.67 ms | WiFi: Up
2025-11-06 10:59:57,578 - INFO - Network Status: Connected | Download: None Mbps | Upload: None Mbps | Ping: None ms | WiFi: Up
2025-11-06 11:04:59,225 - INFO - Network Status: Connected | Download: None Mbps | Upload: None Mbps | Ping: None ms | WiFi: Up
2025-11-06 11:10:00,880 - INFO - Network Status: Connected | Download: None Mbps | Upload: None Mbps | Ping: None ms | WiFi: Up
2025-11-06 11:15:02,313 - INFO - Network Status: Connected | Download: None Mbps | Upload: None Mbps | Ping: None ms | WiFi: Up
2025-11-06 11:20:04,420 - INFO - Network Status: Connected | Download: None Mbps | Upload: None Mbps | Ping: None ms | WiFi: Up
2025-11-06 11:25:06,174 - INFO - Network Status: Connected | Download: None Mbps | Upload: None Mbps | Ping: None ms | WiFi: Up
2025-11-06 11:30:08,204 - INFO - Network Status: Connected | Download: None Mbps | Upload: None Mbps | Ping: None ms | WiFi: Up
2025-11-06 11:35:09,721 - INFO - Network Status: Connected | Download: None Mbps | Upload: None Mbps | Ping: None ms | WiFi: Up
2025-11-06 11:40:11,176 - INFO - Network Status: Connected | Download: None Mbps | Upload: None Mbps | Ping: None ms | WiFi: Up
2025-11-06 11:45:12,868 - INFO - Network Status: Connected | Download: None Mbps | Upload: None Mbps | Ping: None ms | WiFi: Up
2025-11-06 11:50:14,287 - INFO - Network Status: Connected | Download: None Mbps | Upload: None Mbps | Ping: None ms | WiFi: Up
2025-11-06 11:55:38,307 - INFO - Network Status: Connected | Download: 7.84 Mbps | Upload: 16.26 Mbps | Ping: 33.0 ms | WiFi: Up
2025-11-06 12:00:39,960 - INFO - Network Status: Connected | Download: None Mbps | Upload: None Mbps | Ping: None ms | WiFi: Up
2025-11-06 12:05:42,933 - INFO - Network Status: Connected | Download: None Mbps | Upload: None Mbps | Ping: None ms | WiFi: Up
2025-11-06 12:10:44,680 - INFO - Network Status: Connected | Download: None Mbps | Upload: None Mbps | Ping: None ms | WiFi: Up
2025-11-06 12:15:46,442 - INFO - Network Status: Connected | Download: None Mbps | Upload: None Mbps | Ping: None ms | WiFi: Up
2025-11-06 12:20:48,302 - INFO - Network Status: Connected | Download: None Mbps | Upload: None Mbps | Ping: None ms | WiFi: Up
2025-11-06 12:25:49,569 - INFO - Network Status: Connected | Download: None Mbps | Upload: None Mbps | Ping: None ms | WiFi: Up
2025-11-06 12:30:50,753 - INFO - Network Status: Connected | Download: None Mbps | Upload: None Mbps | Ping: None ms | WiFi: Up
2025-11-06 12:35:52,483 - INFO - Network Status: Connected | Download: None Mbps | Upload: None Mbps | Ping: None ms | WiFi: Up
2025-11-06 12:40:54,007 - INFO - Network Status: Connected | Download: None Mbps | Upload: None Mbps | Ping: None ms | WiFi: Up
2025-11-06 12:45:55,724 - INFO - Network Status: Connected | Download: None Mbps | Upload: None Mbps | Ping: None ms | WiFi: Up
2025-11-06 12:50:57,509 - INFO - Network Status: Connected | Download: None Mbps | Upload: None Mbps | Ping: None ms | WiFi: Up
2025-11-06 12:56:20,628 - INFO - Network Status: Connected | Download: 6.14 Mbps | Upload: 17.08 Mbps | Ping: 35.99 ms | WiFi: Up
2025-11-06 13:01:21,858 - INFO - Network Status: Connected | Download: None Mbps | Upload: None Mbps | Ping: None ms | WiFi: Up
2025-11-06 13:06:23,652 - INFO - Network Status: Connected | Download: None Mbps | Upload: None Mbps | Ping: None ms | WiFi: Up
2025-11-06 13:11:25,049 - INFO - Network Status: Connected | Download: None Mbps | Upload: None Mbps | Ping: None ms | WiFi: Up
2025-11-06 13:16:26,489 - INFO - Network Status: Connected | Download: None Mbps | Upload: None Mbps | Ping: None ms | WiFi: Up
2025-11-06 13:21:27,945 - INFO - Network Status: Connected | Download: None Mbps | Upload: None Mbps | Ping: None ms | WiFi: Up
2025-11-06 13:26:29,321 - INFO - Network Status: Connected | Download: None Mbps | Upload: None Mbps | Ping: None ms | WiFi: Up
2025-11-06 13:31:30,715 - INFO - Network Status: Connected | Download: None Mbps | Upload: None Mbps | Ping: None ms | WiFi: Up
2025-11-06 13:36:32,254 - INFO - Network Status: Connected | Download: None Mbps | Upload: None Mbps | Ping: None ms | WiFi: Up
2025-11-06 13:41:33,574 - INFO - Network Status: Connected | Download: None Mbps | Upload: None Mbps | Ping: None ms | WiFi: Up
2025-11-06 13:46:35,076 - INFO - Network Status: Connected | Download: None Mbps | Upload: None Mbps | Ping: None ms | WiFi: Up
2025-11-06 13:51:36,847 - INFO - Network Status: Connected | Download: None Mbps | Upload: None Mbps | Ping: None ms | WiFi: Up
2025-11-06 13:57:08,531 - INFO - Network Status: Connected | Download: 5.85 Mbps | Upload: 11.09 Mbps | Ping: 34.77 ms | WiFi: Up
2025-11-06 14:02:10,138 - INFO - Network Status: Connected | Download: None Mbps | Upload: None Mbps | Ping: None ms | WiFi: Up
2025-11-06 14:07:11,413 - INFO - Network Status: Connected | Download: None Mbps | Upload: None Mbps | Ping: None ms | WiFi: Up
2025-11-06 14:12:13,169 - INFO - Network Status: Connected | Download: None Mbps | Upload: None Mbps | Ping: None ms | WiFi: Up
2025-11-06 14:17:15,093 - INFO - Network Status: Connected | Download: None Mbps | Upload: None Mbps | Ping: None ms | WiFi: Up
2025-11-06 14:22:16,845 - INFO - Network Status: Connected | Download: None Mbps | Upload: None Mbps | Ping: None ms | WiFi: Up
2025-11-06 14:27:18,615 - INFO - Network Status: Connected | Download: None Mbps | Upload: None Mbps | Ping: None ms | WiFi: Up
2025-11-06 14:32:20,189 - INFO - Network Status: Connected | Download: None Mbps | Upload: None Mbps | Ping: None ms | WiFi: Up
2025-11-06 14:37:21,416 - INFO - Network Status: Connected | Download: None Mbps | Upload: None Mbps | Ping: None ms | WiFi: Up
2025-11-06 14:42:22,789 - INFO - Network Status: Connected | Download: None Mbps | Upload: None Mbps | Ping: None ms | WiFi: Up
2025-11-06 14:47:24,141 - INFO - Network Status: Connected | Download: None Mbps | Upload: None Mbps | Ping: None ms | WiFi: Up
2025-11-06 14:52:25,601 - INFO - Network Status: Connected | Download: None Mbps | Upload: None Mbps | Ping: None ms | WiFi: Up
2025-11-06 14:57:49,007 - INFO - Network Status: Connected | Download: 7.08 Mbps | Upload: 13.76 Mbps | Ping: 40.88 ms | WiFi: Up
2025-11-06 15:02:50,764 - INFO - Network Status: Connected | Download: None Mbps | Upload: None Mbps | Ping: None ms | WiFi: Up
2025-11-06 15:07:52,070 - INFO - Network Status: Connected | Download: None Mbps | Upload: None Mbps | Ping: None ms | WiFi: Up
2025-11-06 15:12:53,695 - INFO - Network Status: Connected | Download: None Mbps | Upload: None Mbps | Ping: None ms | WiFi: Up
2025-11-06 15:17:55,725 - INFO - Network Status: Connected | Download: None Mbps | Upload: None Mbps | Ping: None ms | WiFi: Up
2025-11-06 15:22:57,584 - INFO - Network Status: Connected | Download: None Mbps | Upload: None Mbps | Ping: None ms | WiFi: Up
2025-11-06 15:27:58,999 - INFO - Network Status: Connected | Download: None Mbps | Upload: None Mbps | Ping: None ms | WiFi: Up
2025-11-06 15:33:00,692 - INFO - Network Status: Connected | Download: None Mbps | Upload: None Mbps | Ping: None ms | WiFi: Up
2025-11-06 15:38:02,152 - INFO - Network Status: Connected | Download: None Mbps | Upload: None Mbps | Ping: None ms | WiFi: Up
2025-11-06 15:43:03,633 - INFO - Network Status: Connected | Download: None Mbps | Upload: None Mbps | Ping: None ms | WiFi: Up
2025-11-06 15:48:05,401 - INFO - Network Status: Connected | Download: None Mbps | Upload: None Mbps | Ping: None ms | WiFi: Up
2025-11-06 15:53:07,084 - INFO - Network Status: Connected | Download: None Mbps | Upload: None Mbps | Ping: None ms | WiFi: Up
2025-11-06 15:58:30,538 - INFO - Network Status: Connected | Download: 11.62 Mbps | Upload: 12.72 Mbps | Ping: 36.05 ms | WiFi: Up
2025-11-06 16:03:32,359 - INFO - Network Status: Connected | Download: None Mbps | Upload: None Mbps | Ping: None ms | WiFi: Up
2025-11-06 16:08:34,369 - INFO - Network Status: Connected | Download: None Mbps | Upload: None Mbps | Ping: None ms | WiFi: Up
2025-11-06 16:13:35,991 - INFO - Network Status: Connected | Download: None Mbps | Upload: None Mbps | Ping: None ms | WiFi: Up
2025-11-06 16:18:38,287 - INFO - Network Status: Connected | Download: None Mbps | Upload: None Mbps | Ping: None ms | WiFi: Up
2025-11-06 16:23:40,427 - INFO - Network Status: Connected | Download: None Mbps | Upload: None Mbps | Ping: None ms | WiFi: Up
2025-11-06 16:24:08,430 - INFO - Monitoring stopped by user
2025-11-06 16:25:41,773 - INFO - Starting network monitoring...
2025-11-06 16:26:05,862 - INFO - Network Status: Connected | Download: 13.91 Mbps | Upload: 14.58 Mbps | Ping: 37.21 ms | WiFi: Up
2025-11-06 16:31:08,088 - INFO - Network Status: Connected | Download: None Mbps | Upload: None Mbps | Ping: None ms | WiFi: Up
2025-11-06 16:36:09,591 - INFO - Network Status: Connected | Download: None Mbps | Upload: None Mbps | Ping: None ms | WiFi: Up
2025-11-06 16:41:11,436 - INFO - Network Status: Connected | Download: None Mbps | Upload: None Mbps | Ping: None ms | WiFi: Up
2025-11-06 16:46:13,400 - INFO - Network Status: Connected | Download: None Mbps | Upload: None Mbps | Ping: None ms | WiFi: Up
2025-11-06 16:51:15,198 - INFO - Network Status: Connected | Download: None Mbps | Upload: None Mbps | Ping: None ms | WiFi: Up
2025-11-06 16:56:16,912 - INFO - Network Status: Connected | Download: None Mbps | Upload: None Mbps | Ping: None ms | WiFi: Up
2025-11-06 17:01:18,935 - INFO - Network Status: Connected | Download: None Mbps | Upload: None Mbps | Ping: None ms | WiFi: Up
2025-11-06 17:06:20,422 - INFO - Network Status: Connected | Download: None Mbps | Upload: None Mbps | Ping: None ms | WiFi: Up
2025-11-06 17:11:22,283 - INFO - Network Status: Connected | Download: None Mbps | Upload: None Mbps | Ping: None ms | WiFi: Up
2025-11-06 17:16:24,126 - INFO - Network Status: Connected | Download: None Mbps | Upload: None Mbps | Ping: None ms | WiFi: Up
2025-11-06 17:21:25,875 - INFO - Network Status: Connected | Download: None Mbps | Upload: None Mbps | Ping: None ms | WiFi: Up
2025-11-06 17:26:49,959 - INFO - Network Status: Connected | Download: 7.66 Mbps | Upload: 13.93 Mbps | Ping: 46.17 ms | WiFi: Up
2025-11-06 17:31:51,629 - INFO - Network Status: Connected | Download: None Mbps | Upload: None Mbps | Ping: None ms | WiFi: Up
2025-11-06 17:36:53,417 - INFO - Network Status: Connected | Download: None Mbps | Upload: None Mbps | Ping: None ms | WiFi: Up
2025-11-06 17:41:54,903 - INFO - Network Status: Connected | Download: None Mbps | Upload: None Mbps | Ping: None ms | WiFi: Up
2025-11-06 17:46:56,656 - INFO - Network Status: Connected | Download: None Mbps | Upload: None Mbps | Ping: None ms | WiFi: Up
2025-11-06 17:51:58,461 - INFO - Network Status: Connected | Download: None Mbps | Upload: None Mbps | Ping: None ms | WiFi: Up
2025-11-06 17:56:59,816 - INFO - Network Status: Connected | Download: None Mbps | Upload: None Mbps | Ping: None ms | WiFi: Up
2025-11-06 18:02:01,690 - INFO - Network Status: Connected | Download: None Mbps | Upload: None Mbps | Ping: None ms | WiFi: Up
2025-11-06 18:07:03,366 - INFO - Network Status: Connected | Download: None Mbps | Upload: None Mbps | Ping: None ms | WiFi: Up
2025-11-06 18:12:05,087 - INFO - Network Status: Connected | Download: None Mbps | Upload: None Mbps | Ping: None ms | WiFi: Up
2025-11-06 18:17:06,891 - INFO - Network Status: Connected | Download: None Mbps | Upload: None Mbps | Ping: None ms | WiFi: Up
2025-11-06 18:22:09,486 - INFO - Network Status: Connected | Download: None Mbps | Upload: None Mbps | Ping: None ms | WiFi: Up
2025-11-06 18:27:33,416 - INFO - Network Status: Connected | Download: 11.15 Mbps | Upload: 13.81 Mbps | Ping: 40.37 ms | WiFi: Up
2025-11-06 18:32:34,917 - INFO - Network Status: Connected | Download: None Mbps | Upload: None Mbps | Ping: None ms | WiFi: Up
2025-11-06 18:37:36,597 - INFO - Network Status: Connected | Download: None Mbps | Upload: None Mbps | Ping: None ms | WiFi: Up
2025-11-06 18:42:38,625 - INFO - Network Status: Connected | Download: None Mbps | Upload: None Mbps | Ping: None ms | WiFi: Up
2025-11-06 18:47:40,103 - INFO - Network Status: Connected | Download: None Mbps | Upload: None Mbps | Ping: None ms | WiFi: Up
2025-11-06 18:52:41,543 - INFO - Network Status: Connected | Download: None Mbps | Upload: None Mbps | Ping: None ms | WiFi: Up
2025-11-06 18:57:43,041 - INFO - Network Status: Connected | Download: None Mbps | Upload: None Mbps | Ping: None ms | WiFi: Up
2025-11-06 19:02:44,691 - INFO - Network Status: Connected | Download: None Mbps | Upload: None Mbps | Ping: None ms | WiFi: Up
2025-11-06 19:07:46,383 - INFO - Network Status: Connected | Download: None Mbps | Upload: None Mbps | Ping: None ms | WiFi: Up
2025-11-06 19:12:47,980 - INFO - Network Status: Connected | Download: None Mbps | Upload: None Mbps | Ping: None ms | WiFi: Up
2025-11-06 19:17:49,702 - INFO - Network Status: Connected | Download: None Mbps | Upload: None Mbps | Ping: None ms | WiFi: Up
2025-11-06 19:22:51,102 - INFO - Network Status: Connected | Download: None Mbps | Upload: None Mbps | Ping: None ms | WiFi: Up
2025-11-06 19:28:15,050 - INFO - Network Status: Connected | Download: 8.45 Mbps | Upload: 14.33 Mbps | Ping: 40.77 ms | WiFi: Up
2025-11-06 19:33:16,455 - INFO - Network Status: Connected | Download: None Mbps | Upload: None Mbps | Ping: None ms | WiFi: Up
2025-11-06 19:38:17,814 - INFO - Network Status: Connected | Download: None Mbps | Upload: None Mbps | Ping: None ms | WiFi: Up
2025-11-06 19:43:18,998 - INFO - Network Status: Connected | Download: None Mbps | Upload: None Mbps | Ping: None ms | WiFi: Up
2025-11-06 19:48:20,436 - INFO - Network Status: Connected | Download: None Mbps | Upload: None Mbps | Ping: None ms | WiFi: Up
2025-11-06 19:53:21,660 - INFO - Network Status: Connected | Download: None Mbps | Upload: None Mbps | Ping: None ms | WiFi: Up
2025-11-06 19:58:22,988 - INFO - Network Status: Connected | Download: None Mbps | Upload: None Mbps | Ping: None ms | WiFi: Up
2025-11-06 20:03:24,432 - INFO - Network Status: Connected | Download: None Mbps | Upload: None Mbps | Ping: None ms | WiFi: Up
2025-11-06 20:08:25,845 - INFO - Network Status: Connected | Download: None Mbps | Upload: None Mbps | Ping: None ms | WiFi: Up
2025-11-06 20:13:27,905 - INFO - Network Status: Connected | Download: None Mbps | Upload: None Mbps | Ping: None ms | WiFi: Up
2025-11-06 20:18:29,613 - INFO - Network Status: Connected | Download: None Mbps | Upload: None Mbps | Ping: None ms | WiFi: Up
2025-11-06 20:23:31,265 - INFO - Network Status: Connected | Download: None Mbps | Upload: None Mbps | Ping: None ms | WiFi: Up
2025-11-06 20:28:56,706 - INFO - Network Status: Connected | Download: 5.17 Mbps | Upload: 10.7 Mbps | Ping: 54.6 ms | WiFi: Up
2025-11-06 20:33:58,614 - INFO - Network Status: Connected | Download: None Mbps | Upload: None Mbps | Ping: None ms | WiFi: Up
2025-11-06 20:39:00,208 - INFO - Network Status: Connected | Download: None Mbps | Upload: None Mbps | Ping: None ms | WiFi: Up
2025-11-06 20:44:02,149 - INFO - Network Status: Connected | Download: None Mbps | Upload: None Mbps | Ping: None ms | WiFi: Up
2025-11-06 20:49:03,861 - INFO - Network Status: Connected | Download: None Mbps | Upload: None Mbps | Ping: None ms | WiFi: Up
2025-11-06 20:54:05,650 - INFO - Network Status: Connected | Download: None Mbps | Upload: None Mbps | Ping: None ms | WiFi: Up
2025-11-06 20:59:07,187 - INFO - Network Status: Connected | Download: None Mbps | Upload: None Mbps | Ping: None ms | WiFi: Up
2025-11-06 21:04:08,910 - INFO - Network Status: Connected | Download: None Mbps | Upload: None Mbps | Ping: None ms | WiFi: Up
2025-11-06 21:09:10,435 - INFO - Network Status: Connected | Download: None Mbps | Upload: None Mbps | Ping: None ms | WiFi: Up
2025-11-06 21:14:11,813 - INFO - Network Status: Connected | Download: None Mbps | Upload: None Mbps | Ping: None ms | WiFi: Up
2025-11-06 21:19:18,716 - INFO - Network Status: Connected | Download: None Mbps | Upload: None Mbps | Ping: None ms | WiFi: Up
2025-11-06 21:24:20,982 - INFO - Network Status: Connected | Download: None Mbps | Upload: None Mbps | Ping: None ms | WiFi: Up
2025-11-06 21:29:45,780 - INFO - Network Status: Connected | Download: 6.68 Mbps | Upload: 10.33 Mbps | Ping: 66.19 ms | WiFi: Up
2025-11-06 21:34:47,894 - INFO - Network Status: Connected | Download: None Mbps | Upload: None Mbps | Ping: None ms | WiFi: Up
2025-11-06 21:39:49,638 - INFO - Network Status: Connected | Download: None Mbps | Upload: None Mbps | Ping: None ms | WiFi: Up
2025-11-06 21:44:51,153 - INFO - Network Status: Connected | Download: None Mbps | Upload: None Mbps | Ping: None ms | WiFi: Up
2025-11-06 21:49:52,985 - INFO - Network Status: Connected | Download: None Mbps | Upload: None Mbps | Ping: None ms | WiFi: Up
2025-11-06 21:54:54,921 - INFO - Network Status: Connected | Download: None Mbps | Upload: None Mbps | Ping: None ms | WiFi: Up
2025-11-06 21:59:56,747 - INFO - Network Status: Connected | Download: None Mbps | Upload: None Mbps | Ping: None ms | WiFi: Up
2025-11-06 22:04:58,265 - INFO - Network Status: Connected | Download: None Mbps | Upload: None Mbps | Ping: None ms | WiFi: Up
2025-11-06 22:09:59,796 - INFO - Network Status: Connected | Download: None Mbps | Upload: None Mbps | Ping: None ms | WiFi: Up
2025-11-06 22:15:01,403 - INFO - Network Status: Connected | Download: None Mbps | Upload: None Mbps | Ping: None ms | WiFi: Up
2025-11-06 22:20:02,873 - INFO - Network Status: Connected | Download: None Mbps | Upload: None Mbps | Ping: None ms | WiFi: Up
2025-11-06 22:25:04,339 - INFO - Network Status: Connected | Download: None Mbps | Upload: None Mbps | Ping: None ms | WiFi: Up
2025-11-06 22:30:07,022 - ERROR - Speed test failed: Unable to connect to servers to test latency.
2025-11-06 22:30:07,022 - INFO - Network Status: Connected | Download: None Mbps | Upload: None Mbps | Ping: None ms | WiFi: Up
2025-11-06 22:35:30,695 - INFO - Network Status: Connected | Download: 9.36 Mbps | Upload: 14.28 Mbps | Ping: 43.88 ms | WiFi: Up
2025-11-06 22:40:32,452 - INFO - Network Status: Connected | Download: None Mbps | Upload: None Mbps | Ping: None ms | WiFi: Up
2025-11-06 22:45:34,921 - INFO - Network Status: Connected | Download: None Mbps | Upload: None Mbps | Ping: None ms | WiFi: Up
2025-11-06 22:50:36,425 - INFO - Network Status: Connected | Download: None Mbps | Upload: None Mbps | Ping: None ms | WiFi: Up
2025-11-06 22:55:38,160 - INFO - Network Status: Connected | Download: None Mbps | Upload: None Mbps | Ping: None ms | WiFi: Up
2025-11-06 23:00:39,626 - INFO - Network Status: Connected | Download: None Mbps | Upload: None Mbps | Ping: None ms | WiFi: Up
2025-11-06 23:05:41,022 - INFO - Network Status: Connected | Download: None Mbps | Upload: None Mbps | Ping: None ms | WiFi: Up
2025-11-06 23:10:42,871 - INFO - Network Status: Connected | Download: None Mbps | Upload: None Mbps | Ping: None ms | WiFi: Up
2025-11-06 23:15:44,248 - INFO - Network Status: Connected | Download: None Mbps | Upload: None Mbps | Ping: None ms | WiFi: Up
2025-11-06 23:20:45,827 - INFO - Network Status: Connected | Download: None Mbps | Upload: None Mbps | Ping: None ms | WiFi: Up
2025-11-06 23:25:47,156 - INFO - Network Status: Connected | Download: None Mbps | Upload: None Mbps | Ping: None ms | WiFi: Up
2025-11-06 23:30:48,695 - INFO - Network Status: Connected | Download: None Mbps | Upload: None Mbps | Ping: None ms | WiFi: Up
2025-11-06 23:36:12,529 - INFO - Network Status: Connected | Download: 22.32 Mbps | Upload: 15.53 Mbps | Ping: 45.77 ms | WiFi: Up
2025-11-06 23:41:13,879 - INFO - Network Status: Connected | Download: None Mbps | Upload: None Mbps | Ping: None ms | WiFi: Up
2025-11-06 23:46:15,795 - INFO - Network Status: Connected | Download: None Mbps | Upload: None Mbps | Ping: None ms | WiFi: Up
2025-11-06 23:51:17,408 - INFO - Network Status: Connected | Download: None Mbps | Upload: None Mbps | Ping: None ms | WiFi: Up
2025-11-06 23:56:18,852 - INFO - Network Status: Connected | Download: None Mbps | Upload: None Mbps | Ping: None ms | WiFi: Up
2025-11-07 00:01:20,510 - INFO - Network Status: Connected | Download: None Mbps | Upload: None Mbps | Ping: None ms | WiFi: Up
2025-11-07 00:06:21,726 - INFO - Network Status: Connected | Download: None Mbps | Upload: None Mbps | Ping: None ms | WiFi: Up
2025-11-07 00:11:23,621 - INFO - Network Status: Connected | Download: None Mbps | Upload: None Mbps | Ping: None ms | WiFi: Up
2025-11-07 00:16:25,284 - INFO - Network Status: Connected | Download: None Mbps | Upload: None Mbps | Ping: None ms | WiFi: Up
2025-11-07 00:21:26,789 - INFO - Network Status: Connected | Download: None Mbps | Upload: None Mbps | Ping: None ms | WiFi: Up
2025-11-07 00:26:28,784 - INFO - Network Status: Connected | Download: None Mbps | Upload: None Mbps | Ping: None ms | WiFi: Up
2025-11-07 00:31:30,580 - INFO - Network Status: Connected | Download: None Mbps | Upload: None Mbps | Ping: None ms | WiFi: Up
2025-11-07 00:36:54,811 - INFO - Network Status: Connected | Download: 24.98 Mbps | Upload: 15.33 Mbps | Ping: 51.55 ms | WiFi: Up
2025-11-07 00:41:56,775 - INFO - Network Status: Connected | Download: None Mbps | Upload: None Mbps | Ping: None ms | WiFi: Up
2025-11-07 00:46:58,570 - INFO - Network Status: Connected | Download: None Mbps | Upload: None Mbps | Ping: None ms | WiFi: Up
2025-11-07 00:52:00,281 - INFO - Network Status: Connected | Download: None Mbps | Upload: None Mbps | Ping: None ms | WiFi: Up
2025-11-07 00:57:01,715 - INFO - Network Status: Connected | Download: None Mbps | Upload: None Mbps | Ping: None ms | WiFi: Up
2025-11-07 01:02:03,269 - INFO - Network Status: Connected | Download: None Mbps | Upload: None Mbps | Ping: None ms | WiFi: Up
2025-11-07 01:07:04,824 - INFO - Network Status: Connected | Download: None Mbps | Upload: None Mbps | Ping: None ms | WiFi: Up
2025-11-07 01:12:06,300 - INFO - Network Status: Connected | Download: None Mbps | Upload: None Mbps | Ping: None ms | WiFi: Up
2025-11-07 01:17:08,558 - INFO - Network Status: Connected | Download: None Mbps | Upload: None Mbps | Ping: None ms | WiFi: Up
2025-11-07 01:22:10,156 - INFO - Network Status: Connected | Download: None Mbps | Upload: None Mbps | Ping: None ms | WiFi: Up
2025-11-07 01:27:11,885 - INFO - Network Status: Connected | Download: None Mbps | Upload: None Mbps | Ping: None ms | WiFi: Up
2025-11-07 01:32:14,572 - INFO - Network Status: Connected | Download: None Mbps | Upload: None Mbps | Ping: None ms | WiFi: Up
2025-11-07 01:37:38,467 - INFO - Network Status: Connected | Download: 21.29 Mbps | Upload: 13.02 Mbps | Ping: 37.85 ms | WiFi: Up
2025-11-07 01:42:40,202 - INFO - Network Status: Connected | Download: None Mbps | Upload: None Mbps | Ping: None ms | WiFi: Up
2025-11-07 01:47:41,498 - INFO - Network Status: Connected | Download: None Mbps | Upload: None Mbps | Ping: None ms | WiFi: Up
2025-11-07 01:52:43,207 - INFO - Network Status: Connected | Download: None Mbps | Upload: None Mbps | Ping: None ms | WiFi: Up
2025-11-07 01:57:44,926 - INFO - Network Status: Connected | Download: None Mbps | Upload: None Mbps | Ping: None ms | WiFi: Up
2025-11-07 02:02:46,968 - INFO - Network Status: Connected | Download: None Mbps | Upload: None Mbps | Ping: None ms | WiFi: Up
2025-11-07 02:07:48,288 - INFO - Network Status: Connected | Download: None Mbps | Upload: None Mbps | Ping: None ms | WiFi: Up
2025-11-07 02:12:50,210 - INFO - Network Status: Connected | Download: None Mbps | Upload: None Mbps | Ping: None ms | WiFi: Up
2025-11-07 02:17:52,819 - INFO - Network Status: Connected | Download: None Mbps | Upload: None Mbps | Ping: None ms | WiFi: Up
2025-11-07 02:22:54,596 - INFO - Network Status: Connected | Download: None Mbps | Upload: None Mbps | Ping: None ms | WiFi: Up
2025-11-07 02:27:56,297 - INFO - Network Status: Connected | Download: None Mbps | Upload: None Mbps | Ping: None ms | WiFi: Up
2025-11-07 02:32:58,816 - INFO - Network Status: Connected | Download: None Mbps | Upload: None Mbps | Ping: None ms | WiFi: Up
2025-11-07 02:38:22,435 - INFO - Network Status: Connected | Download: 21.85 Mbps | Upload: 15.36 Mbps | Ping: 47.25 ms | WiFi: Up
2025-11-07 02:43:24,008 - INFO - Network Status: Connected | Download: None Mbps | Upload: None Mbps | Ping: None ms | WiFi: Up
2025-11-07 02:48:25,396 - INFO - Network Status: Connected | Download: None Mbps | Upload: None Mbps | Ping: None ms | WiFi: Up
2025-11-07 02:53:26,953 - INFO - Network Status: Connected | Download: None Mbps | Upload: None Mbps | Ping: None ms | WiFi: Up
2025-11-07 02:58:28,325 - INFO - Network Status: Connected | Download: None Mbps | Upload: None Mbps | Ping: None ms | WiFi: Up
2025-11-07 03:03:29,705 - INFO - Network Status: Connected | Download: None Mbps | Upload: None Mbps | Ping: None ms | WiFi: Up
2025-11-07 03:08:31,274 - INFO - Network Status: Connected | Download: None Mbps | Upload: None Mbps | Ping: None ms | WiFi: Up
2025-11-07 03:13:32,751 - INFO - Network Status: Connected | Download: None Mbps | Upload: None Mbps | Ping: None ms | WiFi: Up
2025-11-07 03:18:34,665 - INFO - Network Status: Connected | Download: None Mbps | Upload: None Mbps | Ping: None ms | WiFi: Up
2025-11-07 03:23:36,118 - INFO - Network Status: Connected | Download: None Mbps | Upload: None Mbps | Ping: None ms | WiFi: Up
2025-11-07 03:28:38,308 - INFO - Network Status: Connected | Download: None Mbps | Upload: None Mbps | Ping: None ms | WiFi: Up
2025-11-07 03:33:40,381 - INFO - Network Status: Connected | Download: None Mbps | Upload: None Mbps | Ping: None ms | WiFi: Up
2025-11-07 03:39:04,975 - INFO - Network Status: Connected | Download: 27.47 Mbps | Upload: 13.75 Mbps | Ping: 39.03 ms | WiFi: Up
2025-11-07 03:44:06,694 - INFO - Network Status: Connected | Download: None Mbps | Upload: None Mbps | Ping: None ms | WiFi: Up
2025-11-07 03:49:08,084 - INFO - Network Status: Connected | Download: None Mbps | Upload: None Mbps | Ping: None ms | WiFi: Up
2025-11-07 03:54:09,685 - INFO - Network Status: Connected | Download: None Mbps | Upload: None Mbps | Ping: None ms | WiFi: Up
2025-11-07 03:59:11,221 - INFO - Network Status: Connected | Download: None Mbps | Upload: None Mbps | Ping: None ms | WiFi: Up
2025-11-07 04:04:13,926 - INFO - Network Status: Connected | Download: None Mbps | Upload: None Mbps | Ping: None ms | WiFi: Up
2025-11-07 04:09:15,640 - INFO - Network Status: Connected | Download: None Mbps | Upload: None Mbps | Ping: None ms | WiFi: Up
2025-11-07 04:14:17,590 - INFO - Network Status: Connected | Download: None Mbps | Upload: None Mbps | Ping: None ms | WiFi: Up
2025-11-07 04:19:19,092 - INFO - Network Status: Connected | Download: None Mbps | Upload: None Mbps | Ping: None ms | WiFi: Up
2025-11-07 04:24:20,975 - INFO - Network Status: Connected | Download: None Mbps | Upload: None Mbps | Ping: None ms | WiFi: Up
2025-11-07 04:29:22,220 - INFO - Network Status: Connected | Download: None Mbps | Upload: None Mbps | Ping: None ms | WiFi: Up
2025-11-07 04:34:23,960 - INFO - Network Status: Connected | Download: None Mbps | Upload: None Mbps | Ping: None ms | WiFi: Up
2025-11-07 04:39:48,507 - INFO - Network Status: Connected | Download: 27.15 Mbps | Upload: 14.89 Mbps | Ping: 36.94 ms | WiFi: Up
2025-11-07 04:44:49,892 - INFO - Network Status: Connected | Download: None Mbps | Upload: None Mbps | Ping: None ms | WiFi: Up
2025-11-07 04:49:52,553 - INFO - Network Status: Connected | Download: None Mbps | Upload: None Mbps | Ping: None ms | WiFi: Up
2025-11-07 04:54:54,043 - INFO - Network Status: Connected | Download: None Mbps | Upload: None Mbps | Ping: None ms | WiFi: Up
2025-11-07 04:59:55,548 - INFO - Network Status: Connected | Download: None Mbps | Upload: None Mbps | Ping: None ms | WiFi: Up
2025-11-07 05:04:57,254 - INFO - Network Status: Connected | Download: None Mbps | Upload: None Mbps | Ping: None ms | WiFi: Up
2025-11-07 05:09:58,895 - INFO - Network Status: Connected | Download: None Mbps | Upload: None Mbps | Ping: None ms | WiFi: Up
2025-11-07 05:15:00,767 - INFO - Network Status: Connected | Download: None Mbps | Upload: None Mbps | Ping: None ms | WiFi: Up
2025-11-07 05:20:02,711 - INFO - Network Status: Connected | Download: None Mbps | Upload: None Mbps | Ping: None ms | WiFi: Up
2025-11-07 05:25:04,131 - INFO - Network Status: Connected | Download: None Mbps | Upload: None Mbps | Ping: None ms | WiFi: Up
2025-11-07 05:30:05,797 - INFO - Network Status: Connected | Download: None Mbps | Upload: None Mbps | Ping: None ms | WiFi: Up
2025-11-07 05:35:08,137 - INFO - Network Status: Connected | Download: None Mbps | Upload: None Mbps | Ping: None ms | WiFi: Up
2025-11-07 05:40:32,274 - INFO - Network Status: Connected | Download: 25.66 Mbps | Upload: 13.45 Mbps | Ping: 45.26 ms | WiFi: Up
2025-11-07 05:45:33,757 - INFO - Network Status: Connected | Download: None Mbps | Upload: None Mbps | Ping: None ms | WiFi: Up
2025-11-07 05:50:36,457 - INFO - Network Status: Connected | Download: None Mbps | Upload: None Mbps | Ping: None ms | WiFi: Up
2025-11-07 05:55:38,230 - INFO - Network Status: Connected | Download: None Mbps | Upload: None Mbps | Ping: None ms | WiFi: Up
2025-11-07 06:00:39,596 - INFO - Network Status: Connected | Download: None Mbps | Upload: None Mbps | Ping: None ms | WiFi: Up
2025-11-07 06:05:41,772 - INFO - Network Status: Connected | Download: None Mbps | Upload: None Mbps | Ping: None ms | WiFi: Up
2025-11-07 06:10:43,820 - INFO - Network Status: Connected | Download: None Mbps | Upload: None Mbps | Ping: None ms | WiFi: Up
2025-11-07 06:15:46,664 - INFO - Network Status: Connected | Download: None Mbps | Upload: None Mbps | Ping: None ms | WiFi: Up
2025-11-07 06:20:48,769 - INFO - Network Status: Connected | Download: None Mbps | Upload: None Mbps | Ping: None ms | WiFi: Up
2025-11-07 06:25:50,736 - INFO - Network Status: Connected | Download: None Mbps | Upload: None Mbps | Ping: None ms | WiFi: Up
2025-11-07 06:30:52,593 - INFO - Network Status: Connected | Download: None Mbps | Upload: None Mbps | Ping: None ms | WiFi: Up
2025-11-07 06:35:54,017 - INFO - Network Status: Connected | Download: None Mbps | Upload: None Mbps | Ping: None ms | WiFi: Up
2025-11-07 06:41:17,770 - INFO - Network Status: Connected | Download: 19.04 Mbps | Upload: 12.85 Mbps | Ping: 46.03 ms | WiFi: Up
2025-11-07 06:46:19,245 - INFO - Network Status: Connected | Download: None Mbps | Upload: None Mbps | Ping: None ms | WiFi: Up
2025-11-07 06:51:20,987 - INFO - Network Status: Connected | Download: None Mbps | Upload: None Mbps | Ping: None ms | WiFi: Up
2025-11-07 06:56:22,162 - INFO - Network Status: Connected | Download: None Mbps | Upload: None Mbps | Ping: None ms | WiFi: Up
2025-11-07 07:01:23,486 - INFO - Network Status: Connected | Download: None Mbps | Upload: None Mbps | Ping: None ms | WiFi: Up
2025-11-07 07:06:24,755 - INFO - Network Status: Connected | Download: None Mbps | Upload: None Mbps | Ping: None ms | WiFi: Up
2025-11-07 07:11:26,071 - INFO - Network Status: Connected | Download: None Mbps | Upload: None Mbps | Ping: None ms | WiFi: Up
2025-11-07 07:16:27,477 - INFO - Network Status: Connected | Download: None Mbps | Upload: None Mbps | Ping: None ms | WiFi: Up
2025-11-07 07:21:30,867 - INFO - Network Status: Connected | Download: None Mbps | Upload: None Mbps | Ping: None ms | WiFi: Up
2025-11-07 07:26:32,866 - INFO - Network Status: Connected | Download: None Mbps | Upload: None Mbps | Ping: None ms | WiFi: Up
2025-11-07 07:31:34,630 - INFO - Network Status: Connected | Download: None Mbps | Upload: None Mbps | Ping: None ms | WiFi: Up
2025-11-07 07:36:36,524 - INFO - Network Status: Connected | Download: None Mbps | Upload: None Mbps | Ping: None ms | WiFi: Up
2025-11-07 07:42:00,160 - INFO - Network Status: Connected | Download: 16.52 Mbps | Upload: 13.49 Mbps | Ping: 48.52 ms | WiFi: Up
2025-11-07 07:47:01,855 - INFO - Network Status: Connected | Download: None Mbps | Upload: None Mbps | Ping: None ms | WiFi: Up
2025-11-07 07:52:03,598 - INFO - Network Status: Connected | Download: None Mbps | Upload: None Mbps | Ping: None ms | WiFi: Up
2025-11-07 07:57:05,232 - INFO - Network Status: Connected | Download: None Mbps | Upload: None Mbps | Ping: None ms | WiFi: Up
2025-11-07 08:02:08,264 - INFO - Network Status: Connected | Download: None Mbps | Upload: None Mbps | Ping: None ms | WiFi: Up
2025-11-07 08:07:09,768 - INFO - Network Status: Connected | Download: None Mbps | Upload: None Mbps | Ping: None ms | WiFi: Up
2025-11-07 08:12:11,797 - INFO - Network Status: Connected | Download: None Mbps | Upload: None Mbps | Ping: None ms | WiFi: Up
2025-11-07 08:17:13,879 - INFO - Network Status: Connected | Download: None Mbps | Upload: None Mbps | Ping: None ms | WiFi: Up
2025-11-07 08:22:15,573 - INFO - Network Status: Connected | Download: None Mbps | Upload: None Mbps | Ping: None ms | WiFi: Up
2025-11-07 08:27:17,795 - INFO - Network Status: Connected | Download: None Mbps | Upload: None Mbps | Ping: None ms | WiFi: Up
2025-11-07 08:32:19,186 - INFO - Network Status: Connected | Download: None Mbps | Upload: None Mbps | Ping: None ms | WiFi: Up
2025-11-07 08:37:20,650 - INFO - Network Status: Connected | Download: None Mbps | Upload: None Mbps | Ping: None ms | WiFi: Up
2025-11-07 08:42:45,258 - INFO - Network Status: Connected | Download: 16.68 Mbps | Upload: 3.56 Mbps | Ping: 49.53 ms | WiFi: Up
2025-11-07 08:47:47,042 - INFO - Network Status: Connected | Download: None Mbps | Upload: None Mbps | Ping: None ms | WiFi: Up
2025-11-07 08:52:49,220 - INFO - Network Status: Connected | Download: None Mbps | Upload: None Mbps | Ping: None ms | WiFi: Up
2025-11-07 08:57:51,054 - INFO - Network Status: Connected | Download: None Mbps | Upload: None Mbps | Ping: None ms | WiFi: Up
2025-11-07 09:02:53,788 - INFO - Network Status: Connected | Download: None Mbps | Upload: None Mbps | Ping: None ms | WiFi: Up
2025-11-07 09:07:55,071 - INFO - Network Status: Connected | Download: None Mbps | Upload: None Mbps | Ping: None ms | WiFi: Up
2025-11-07 09:12:56,742 - INFO - Network Status: Connected | Download: None Mbps | Upload: None Mbps | Ping: None ms | WiFi: Up
2025-11-07 09:18:08,131 - INFO - Network Status: Connected | Download: None Mbps | Upload: None Mbps | Ping: None ms | WiFi: Up
2025-11-07 09:23:10,224 - INFO - Network Status: Connected | Download: None Mbps | Upload: None Mbps | Ping: None ms | WiFi: Up
2025-11-07 09:28:11,764 - INFO - Network Status: Connected | Download: None Mbps | Upload: None Mbps | Ping: None ms | WiFi: Up
2025-11-07 09:33:13,478 - INFO - Network Status: Connected | Download: None Mbps | Upload: None Mbps | Ping: None ms | WiFi: Up
2025-11-07 09:38:16,412 - INFO - Network Status: Connected | Download: None Mbps | Upload: None Mbps | Ping: None ms | WiFi: Up
2025-11-07 09:43:40,378 - INFO - Network Status: Connected | Download: 12.71 Mbps | Upload: 13.28 Mbps | Ping: 41.94 ms | WiFi: Up
2025-11-07 09:48:42,018 - INFO - Network Status: Connected | Download: None Mbps | Upload: None Mbps | Ping: None ms | WiFi: Up
2025-11-07 09:53:43,740 - INFO - Network Status: Connected | Download: None Mbps | Upload: None Mbps | Ping: None ms | WiFi: Up
2025-11-07 09:58:45,090 - INFO - Network Status: Connected | Download: None Mbps | Upload: None Mbps | Ping: None ms | WiFi: Up
2025-11-07 10:03:46,908 - INFO - Network Status: Connected | Download: None Mbps | Upload: None Mbps | Ping: None ms | WiFi: Up
2025-11-07 10:08:48,379 - INFO - Network Status: Connected | Download: None Mbps | Upload: None Mbps | Ping: None ms | WiFi: Up
2025-11-07 10:13:50,225 - INFO - Network Status: Connected | Download: None Mbps | Upload: None Mbps | Ping: None ms | WiFi: Up
2025-11-07 10:18:51,645 - INFO - Network Status: Connected | Download: None Mbps | Upload: None Mbps | Ping: None ms | WiFi: Up
2025-11-07 10:23:53,486 - INFO - Network Status: Connected | Download: None Mbps | Upload: None Mbps | Ping: None ms | WiFi: Up
2025-11-07 10:28:55,129 - INFO - Network Status: Connected | Download: None Mbps | Upload: None Mbps | Ping: None ms | WiFi: Up
2025-11-07 10:33:56,849 - INFO - Network Status: Connected | Download: None Mbps | Upload: None Mbps | Ping: None ms | WiFi: Up
2025-11-07 10:38:58,890 - INFO - Network Status: Connected | Download: None Mbps | Upload: None Mbps | Ping: None ms | WiFi: Up
2025-11-07 10:44:22,993 - INFO - Network Status: Connected | Download: 9.64 Mbps | Upload: 14.6 Mbps | Ping: 45.43 ms | WiFi: Up
2025-11-07 10:49:24,784 - INFO - Network Status: Connected | Download: None Mbps | Upload: None Mbps | Ping: None ms | WiFi: Up
2025-11-07 10:54:26,514 - INFO - Network Status: Connected | Download: None Mbps | Upload: None Mbps | Ping: None ms | WiFi: Up
2025-11-07 10:59:28,438 - INFO - Network Status: Connected | Download: None Mbps | Upload: None Mbps | Ping: None ms | WiFi: Up
2025-11-07 11:04:29,960 - INFO - Network Status: Connected | Download: None Mbps | Upload: None Mbps | Ping: None ms | WiFi: Up
2025-11-07 11:09:31,894 - INFO - Network Status: Connected | Download: None Mbps | Upload: None Mbps | Ping: None ms | WiFi: Up
2025-11-07 11:14:34,080 - INFO - Network Status: Connected | Download: None Mbps | Upload: None Mbps | Ping: None ms | WiFi: Up
2025-11-07 11:19:36,285 - INFO - Network Status: Connected | Download: None Mbps | Upload: None Mbps | Ping: None ms | WiFi: Up
2025-11-07 11:24:38,118 - INFO - Network Status: Connected | Download: None Mbps | Upload: None Mbps | Ping: None ms | WiFi: Up
2025-11-07 11:29:39,487 - INFO - Network Status: Connected | Download: None Mbps | Upload: None Mbps | Ping: None ms | WiFi: Up
2025-11-07 11:34:41,316 - INFO - Network Status: Connected | Download: None Mbps | Upload: None Mbps | Ping: None ms | WiFi: Up
2025-11-07 11:39:44,056 - INFO - Network Status: Connected | Download: None Mbps | Upload: None Mbps | Ping: None ms | WiFi: Up
2025-11-07 11:45:07,663 - INFO - Network Status: Connected | Download: 8.16 Mbps | Upload: 14.6 Mbps | Ping: 44.23 ms | WiFi: Up
2025-11-07 11:50:09,038 - INFO - Network Status: Connected | Download: None Mbps | Upload: None Mbps | Ping: None ms | WiFi: Up
2025-11-07 11:55:10,424 - INFO - Network Status: Connected | Download: None Mbps | Upload: None Mbps | Ping: None ms | WiFi: Up
2025-11-07 12:00:12,152 - INFO - Network Status: Connected | Download: None Mbps | Upload: None Mbps | Ping: None ms | WiFi: Up
2025-11-07 12:05:13,858 - INFO - Network Status: Connected | Download: None Mbps | Upload: None Mbps | Ping: None ms | WiFi: Up
2025-11-07 12:10:15,864 - INFO - Network Status: Connected | Download: None Mbps | Upload: None Mbps | Ping: None ms | WiFi: Up
2025-11-07 12:15:18,023 - INFO - Network Status: Connected | Download: None Mbps | Upload: None Mbps | Ping: None ms | WiFi: Up
2025-11-07 12:20:19,863 - INFO - Network Status: Connected | Download: None Mbps | Upload: None Mbps | Ping: None ms | WiFi: Up
2025-11-07 12:25:21,657 - INFO - Network Status: Connected | Download: None Mbps | Upload: None Mbps | Ping: None ms | WiFi: Up
2025-11-07 12:30:23,165 - INFO - Network Status: Connected | Download: None Mbps | Upload: None Mbps | Ping: None ms | WiFi: Up
2025-11-07 12:35:24,863 - INFO - Network Status: Connected | Download: None Mbps | Upload: None Mbps | Ping: None ms | WiFi: Up
2025-11-07 12:40:26,487 - INFO - Network Status: Connected | Download: None Mbps | Upload: None Mbps | Ping: None ms | WiFi: Up
2025-11-07 12:45:49,996 - INFO - Network Status: Connected | Download: 12.31 Mbps | Upload: 12.29 Mbps | Ping: 42.49 ms | WiFi: Up
2025-11-07 12:50:51,698 - INFO - Network Status: Connected | Download: None Mbps | Upload: None Mbps | Ping: None ms | WiFi: Up
2025-11-07 12:55:53,369 - INFO - Network Status: Connected | Download: None Mbps | Upload: None Mbps | Ping: None ms | WiFi: Up
2025-11-07 13:00:54,739 - INFO - Network Status: Connected | Download: None Mbps | Upload: None Mbps | Ping: None ms | WiFi: Up
2025-11-07 13:05:56,545 - INFO - Network Status: Connected | Download: None Mbps | Upload: None Mbps | Ping: None ms | WiFi: Up
2025-11-07 13:10:58,212 - INFO - Network Status: Connected | Download: None Mbps | Upload: None Mbps | Ping: None ms | WiFi: Up
2025-11-07 13:16:00,335 - INFO - Network Status: Connected | Download: None Mbps | Upload: None Mbps | Ping: None ms | WiFi: Up
2025-11-07 13:21:02,238 - INFO - Network Status: Connected | Download: None Mbps | Upload: None Mbps | Ping: None ms | WiFi: Up
2025-11-07 13:26:03,781 - INFO - Network Status: Connected | Download: None Mbps | Upload: None Mbps | Ping: None ms | WiFi: Up
2025-11-07 13:31:05,315 - INFO - Network Status: Connected | Download: None Mbps | Upload: None Mbps | Ping: None ms | WiFi: Up
2025-11-07 13:36:07,243 - INFO - Network Status: Connected | Download: None Mbps | Upload: None Mbps | Ping: None ms | WiFi: Up
2025-11-07 13:41:08,794 - INFO - Network Status: Connected | Download: None Mbps | Upload: None Mbps | Ping: None ms | WiFi: Up
2025-11-07 13:46:32,992 - INFO - Network Status: Connected | Download: 9.89 Mbps | Upload: 13.22 Mbps | Ping: 53.92 ms | WiFi: Up
2025-11-07 13:51:34,613 - INFO - Network Status: Connected | Download: None Mbps | Upload: None Mbps | Ping: None ms | WiFi: Up
2025-11-07 13:56:36,113 - INFO - Network Status: Connected | Download: None Mbps | Upload: None Mbps | Ping: None ms | WiFi: Up
2025-11-07 14:01:37,674 - INFO - Network Status: Connected | Download: None Mbps | Upload: None Mbps | Ping: None ms | WiFi: Up
2025-11-07 14:06:38,977 - INFO - Network Status: Connected | Download: None Mbps | Upload: None Mbps | Ping: None ms | WiFi: Up
2025-11-07 14:11:40,407 - INFO - Network Status: Connected | Download: None Mbps | Upload: None Mbps | Ping: None ms | WiFi: Up
2025-11-07 14:16:42,442 - INFO - Network Status: Connected | Download: None Mbps | Upload: None Mbps | Ping: None ms | WiFi: Up
2025-11-07 14:21:44,017 - INFO - Network Status: Connected | Download: None Mbps | Upload: None Mbps | Ping: None ms | WiFi: Up
2025-11-07 14:26:45,419 - INFO - Network Status: Connected | Download: None Mbps | Upload: None Mbps | Ping: None ms | WiFi: Up
2025-11-07 14:31:47,219 - INFO - Network Status: Connected | Download: None Mbps | Upload: None Mbps | Ping: None ms | WiFi: Up
2025-11-07 14:36:48,700 - INFO - Network Status: Connected | Download: None Mbps | Upload: None Mbps | Ping: None ms | WiFi: Up
2025-11-07 14:41:50,340 - INFO - Network Status: Connected | Download: None Mbps | Upload: None Mbps | Ping: None ms | WiFi: Up
2025-11-07 14:47:14,222 - INFO - Network Status: Connected | Download: 11.39 Mbps | Upload: 14.54 Mbps | Ping: 43.08 ms | WiFi: Up
2025-11-07 14:52:15,659 - INFO - Network Status: Connected | Download: None Mbps | Upload: None Mbps | Ping: None ms | WiFi: Up
2025-11-07 14:57:17,323 - INFO - Network Status: Connected | Download: None Mbps | Upload: None Mbps | Ping: None ms | WiFi: Up
2025-11-07 15:02:18,895 - INFO - Network Status: Connected | Download: None Mbps | Upload: None Mbps | Ping: None ms | WiFi: Up
2025-11-07 15:07:20,278 - INFO - Network Status: Connected | Download: None Mbps | Upload: None Mbps | Ping: None ms | WiFi: Up
2025-11-07 15:12:21,952 - INFO - Network Status: Connected | Download: None Mbps | Upload: None Mbps | Ping: None ms | WiFi: Up
2025-11-07 15:17:23,561 - INFO - Network Status: Connected | Download: None Mbps | Upload: None Mbps | Ping: None ms | WiFi: Up
2025-11-07 15:22:25,126 - INFO - Network Status: Connected | Download: None Mbps | Upload: None Mbps | Ping: None ms | WiFi: Up
2025-11-07 15:27:27,137 - INFO - Network Status: Connected | Download: None Mbps | Upload: None Mbps | Ping: None ms | WiFi: Up
2025-11-07 15:30:49,779 - INFO - Monitoring stopped by user
